lanes,is_intersection,is_two_way_street,bike_maneuver,vehicle_maneuver,maneuver_direction,sidewalk_climbs,running_red_light,drive_opposite_direction,bad_roundabout,driving_between_lanes,crossings_without_priority,is_bike_infringement,vehicle_speed_mean,vehicle_speed_min,vehicle_speed_max,distance_mean,distance_min,distance_max,bike_speed_mean,bike_speed_min,bike_speed_max,level,binary_risk
3,1,1,turn_right,turn_right,same_direction,0,0,0,0,0,1,1,5.02326497086614,6.119267e-05,15.44827,3.42276406218905,0.0,7.019561,11.5229329848258,0.1103294,64.30499,hard,collision
2,0,1,straight,straight,same_direction,0,0,0,0,0,0,0,49.8872486585365,49.40001,50.00025,4.243694,1.09706,9.533581,7.89867106097561,7.670907,8.087599,hard,danger
2,0,1,straight,straight,same_direction,0,0,0,0,0,0,0,49.876250625,49.4,50.0,4.3291869375,1.377702,9.451936,14.6371645833333,14.42781,14.99962,hard,danger
4,1,0,turn_right,turn left,opposite_direction,0,0,1,0,0,0,1,19.9642582926829,19.86667,20.00016,4.31883791463414,1.334945,9.43301,21.7698453658536,21.66541,21.91896,hard,danger
2,1,1,turn left,stop,same_direction,0,0,0,0,1,1,1,15.887193669356,0.000152366,36.01492,4.82068368783068,1.829217,9.520147,13.8731861375661,11.57643,16.02863,normal,danger
1,0,1,straight,stop,same_direction,0,0,0,0,0,0,0,7.22100111931818e-05,5.680264e-05,9.56169e-05,3.56932505113636,1.771376,7.16208,9.74920885795454,6.468718,10.0046,normal,danger
1,1,1,stop,turn_right,same_direction,0,0,0,0,0,0,0,4.95531219889704,4.518514e-05,24.84012,3.12787205338809,1.468115,7.224104,0.0127332108305954,2.328773e-05,0.5355647,hard,danger
2,0,1,straight,straight,same_direction,0,0,0,0,0,0,0,49.8294460714285,49.40002,50.00123,4.201035,1.093189,9.440688,19.7024801785714,18.83612,20.39791,easy,danger
2,1,0,turn left,turn_right,same_direction,0,0,1,1,0,1,1,3.30170205208356,0.0001600753,11.34573,4.09664389726027,1.801466,9.039986,22.6283076712328,20.8277,23.34663,hard,danger
1,1,1,turn left,turn left,same_direction,0,0,0,0,0,1,1,29.2740660714285,26.46898,32.07908,4.19282298214285,1.51698,7.053965,10.5915111785714,9.917968,11.28784,easy,danger
1,0,0,straight,turn left,same_direction,0,0,0,0,0,0,0,29.8735163681592,29.41067,30.00035,4.53467400497512,1.774078,9.513318,15.0062583582089,13.53283,17.08373,normal,danger
1,0,1,straight,straight,opposite_direction,0,0,1,0,0,0,1,49.8994518867924,49.6534,50.00022,4.45128081132075,1.431321,9.581808,15.3983733962264,14.49516,16.25091,hard,danger
1,1,1,turn_right,turn_right,same_direction,0,0,0,0,0,1,1,15.2391691603053,12.63774,17.83946,3.62522239694656,1.780227,7.178415,26.198324351145,24.81578,27.84559,hard,danger
2,1,1,turn left,straight,opposite_direction,0,0,0,0,0,1,1,12.2131994117647,11.41732,13.11953,4.02206760784313,1.844335,7.222836,55.3564550980392,52.18099,56.95863,normal,danger
1,0,1,straight,stop,opposite_direction,0,1,0,0,0,1,1,8.09708851037344e-05,6.724233e-05,9.138748e-05,4.05178237136929,0.6047375,9.524613,14.1805729045643,13.23739,15.7962,easy,danger
4,1,0,turn_right,turn left,opposite_direction,0,0,1,0,0,0,1,19.8969468115942,19.69995,20.00001,4.56933492753623,1.812965,9.42619,28.1989927536231,27.57883,28.80816,hard,danger
4,1,0,straight,turn left,from_left,1,0,0,0,0,0,1,12.3624436402877,9.649598,20.00001,3.55990226978417,1.094883,9.486994,2.83127658435611,0.001449298,8.721933,hard,danger
3,0,1,straight,straight,same_direction,0,0,0,0,0,0,0,14.4848810377245,0.6503511,39.02935,6.01733924352894,0.0,7.868333,9.32478693213572,6.6111,14.00381,hard,collision
2,0,1,straight,straight,same_direction,0,0,0,0,0,0,0,24.4347484431137,23.7252,25.00095,3.06168496706586,0.7529643,7.061777,8.97641029940119,8.14084,9.861391,hard,danger
2,0,1,straight,straight,opposite_direction,0,0,1,0,0,0,1,36.0279202127659,34.0959,37.95993,4.46762027659574,1.619868,9.307848,36.1049065957446,35.8551,36.34769,hard,danger
2,0,1,straight,straight,opposite_direction,0,0,1,0,0,0,1,49.902304,49.40004,50.00033,4.486816975,1.661471,9.304016,34.54810225,34.50572,34.61426,hard,danger
2,0,1,straight,stop,same_direction,0,0,0,0,0,0,0,5.35603134375e-05,4.240122e-05,9.213699e-05,2.949663084375,1.16727,7.100302,7.962723025,5.971056,13.68363,normal,danger
4,1,0,turn_right,turn left,opposite_direction,0,0,1,0,0,0,1,29.9572261666666,29.76667,30.00001,4.08924132166666,0.7469206,9.465337,27.3536419999999,26.76625,27.79768,hard,danger
2,0,1,straight,straight,same_direction,0,0,0,0,0,0,0,49.8080943636363,49.40001,50.00016,3.28205239818181,0.8633423,7.056813,20.1057523636363,19.39028,20.81854,hard,danger
1,0,1,straight,straight,opposite_direction,0,0,0,0,1,0,1,46.1733065079365,29.78367,50.0,4.47468049206349,1.620489,9.435399,7.21680839682539,7.045056,7.248505,hard,danger
1,0,1,straight,straight,opposite_direction,0,0,0,0,0,0,0,49.9580819565217,49.60667,50.00001,4.33371728260869,1.688708,9.365634,17.9735997826086,17.32786,18.63791,normal,danger
2,0,1,straight,straight,same_direction,0,0,0,0,0,0,0,44.9139327102803,44.69951,45.0182,4.07434440747663,0.6027336,9.520913,12.6175760560747,7.874025,15.58069,normal,danger
1,1,1,stop,turn_right,from_left,0,0,1,0,1,0,1,26.0300219847328,23.70115,32.73492,3.37395506946564,0.5689363,7.222582,0.712803329375572,0.0002653397,2.858733,hard,danger
1,0,1,straight,straight,same_direction,0,0,0,0,0,0,0,19.889031953125,19.65969,20.00023,7.053963821875,0.5991352,9.565378,26.7584041927083,14.85033,52.15627,easy,danger
2,0,1,straight,straight,same_direction,0,0,0,0,0,0,0,49.8701036082474,49.4,50.0,4.37015074226804,1.35305,9.575753,14.6153545360824,14.52339,14.71268,hard,danger
2,0,1,reverse,straight,opposite_direction,1,0,1,0,0,0,1,30.9511604729729,30.79376,31.00445,4.13076037162162,1.544158,9.472749,10.1302551621621,6.71471,14.35551,normal,danger
1,0,1,straight,straight,same_direction,0,0,0,0,0,0,0,19.7953242773109,8.69346,28.80021,4.11450866596638,0.9359517,9.570965,21.0435278545378,0.01364343,52.46902,hard,danger
1,0,1,straight,straight,opposite_direction,0,0,0,0,0,0,0,25.9669710869565,25.82673,26.0002,4.34869991304347,1.745104,6.968858,3.49807308695652,2.061912,4.749548,normal,danger
1,0,1,straight,straight,opposite_direction,0,0,1,0,0,0,1,19.9794749056603,19.86673,20.0002,4.48487065094339,1.837322,9.465518,11.4483905943396,7.221225,15.98271,hard,danger
1,0,1,straight,stop,opposite_direction,0,0,1,0,0,0,1,18.5954458536585,16.98455,20.0,4.33063891463414,1.227817,9.540063,23.1121465853658,22.35896,23.81955,hard,danger
1,0,1,straight,straight,same_direction,0,0,0,0,0,0,0,20.0401134038997,8.843799,26.56143,4.45539626545961,0.8577747,7.688081,17.3686893353203,0.01364343,52.46902,hard,danger
2,0,1,straight,straight,opposite_direction,0,0,1,0,0,0,1,49.8448039215686,49.39971,50.00112,3.98136892745098,0.4971727,9.541017,18.4872503921568,16.8064,20.15291,easy,danger
1,0,1,straight,turn_right,same_direction,0,0,0,0,0,0,0,29.3348593333333,18.94545,49.99992,4.02950157333333,1.451022,9.430552,1.60962796506666,0.01364343,4.572375,hard,danger
2,0,1,straight,straight,opposite_direction,0,0,1,0,0,0,1,49.8512806410256,49.42582,50.01324,4.35345314102564,1.22525,9.521614,5.95622941025641,1.782988,10.05788,normal,danger
1,0,1,reverse,straight,opposite_direction,0,0,1,0,0,0,1,1.60860779946626,0.0001205651,9.20013,4.61179454554216,0.4053679,7.127389,6.63990656156867,0.008886227,13.64014,normal,danger
3,1,1,straight,straight,same_direction,0,0,0,0,1,0,1,72.830391090909,67.9625,77.70848,2.92768327090909,0.3929842,7.069128,23.312605090909,22.61211,24.02033,normal,danger
1,0,1,reverse,stop,from_right,1,0,0,0,1,0,1,3.84243330260377,0.0001004887,20.88263,1.93521944339622,0.3192724,7.156852,4.7485743313522,0.02228259,7.044104,hard,danger
1,0,1,straight,straight,same_direction,0,0,0,0,0,0,0,49.8791143835616,49.55346,50.00031,3.87992441780821,0.3978373,9.436753,2.5347622979452,0.03008736,5.191795,easy,danger
1,1,1,reverse,stop,from_right,0,1,1,0,0,1,1,0.566456337045876,0.0001061637,7.560114,3.24981741494845,1.59996,7.185704,3.25743084453608,0.03159411,7.12232,normal,danger
2,1,0,reverse,turn_right,from_right,0,0,1,1,1,1,1,21.01759328,15.42555,26.19289,4.0190040288,0.1914828,9.537433,6.611845056,6.41441,7.206856,easy,collision
2,0,1,straight,straight,same_direction,0,0,0,0,0,0,0,32.510017012987,23.993,50.00191,3.76278064285714,1.011421,9.548004,9.91342412337662,8.988802,10.8843,hard,danger
1,0,1,straight,straight,same_direction,0,0,0,0,0,0,0,19.54947571,5.123353,43.15286,6.033404059548,0.008258224,8.739929,13.07229199,7.936462,16.92282,normal,collision
1,0,1,straight,stop,same_direction,0,0,0,0,0,0,0,0.0001602492161073,0.0001550964,0.0001761364,4.35934624832214,1.490449,9.541319,22.7886452348993,21.17225,24.45555,hard,danger
2,1,1,stop,straight,same_direction,0,0,0,0,1,0,1,49.8262454411764,49.40001,50.00009,4.30013479411764,1.310565,9.39551,0.0904183615147058,0.003140062,0.2578331,normal,danger
4,1,0,turn left,turn left,same_direction,0,0,0,0,0,0,0,29.8019851698113,28.1459,30.00202,3.58320735471698,1.505425,7.070421,23.4188890943396,21.56704,27.18951,hard,danger
1,1,1,straight,straight,same_direction,0,0,0,0,0,0,0,24.2494006233766,13.52402,39.13633,5.24300293922077,0.7835736,9.57486,15.4658289610389,10.32395,20.30265,hard,danger
2,0,1,straight,straight,opposite_direction,0,0,1,0,0,0,1,49.8432509090909,49.40002,50.0001,4.405743,1.575342,9.266891,26.3895568181818,25.78051,26.97933,hard,danger
1,0,1,straight,straight,opposite_direction,0,0,1,0,0,0,1,32.8390194642857,29.97902,35.69905,4.35548311964285,0.9227312,9.45374,6.2143555,5.868348,7.230279,hard,danger
1,0,1,straight,straight,same_direction,0,0,0,0,0,0,0,19.968504015748,19.86658,20.00017,3.95638171811023,0.8672915,9.567545,11.0938664855643,8.663183,13.26472,normal,danger
3,0,1,straight,straight,same_direction,0,0,0,0,0,0,0,58.6492119117647,56.82483,59.00022,4.52687108823529,1.758258,9.401027,9.39644261764706,8.932498,9.872237,hard,danger
2,0,1,straight,straight,opposite_direction,0,0,1,0,0,0,1,28.9462736507936,28.80672,29.00047,4.26602231746031,1.197559,9.540473,25.9294084126984,25.71746,26.07469,normal,danger
1,0,1,straight,straight,same_direction,0,0,0,0,0,0,0,49.8659172839506,49.40005,50.00018,3.76202616091358,0.0,9.524971,6.52859465432098,5.371469,7.181016,easy,collision
1,0,1,straight,stop,same_direction,0,0,0,0,0,0,0,0.0001553944445945,0.0001459951,0.0001583621,3.87068036621621,0.9034207,6.879791,15.2803163513513,14.35492,16.05984,hard,danger
2,0,1,straight,straight,same_direction,0,0,0,0,0,0,0,49.8229167961165,49.4,50.00001,4.12554615339805,0.9163074,9.521665,16.7382661165048,16.25055,17.3053,normal,danger
1,0,1,straight,turn_right,same_direction,0,0,0,0,0,0,0,3.54771853152541,3.897486e-05,12.80083,4.21784916996047,0.9127784,6.905952,7.94764748221343,3.272043,14.758,hard,danger
1,1,1,turn left,stop,same_direction,0,0,0,0,0,1,1,7.4739323441651,0.0001549358,29.11648,3.43602917757009,1.249469,7.134239,0.305240708360031,7.970529e-05,3.662973,easy,danger
2,1,1,straight,turn_right,same_direction,0,0,0,0,0,0,0,37.6983747101449,24.04076,50.01444,4.8368004347826,1.112338,9.351506,8.64349303623188,5.233609,11.07681,hard,danger
2,1,0,turn left,stop,opposite_direction,0,0,1,1,0,1,1,0.000139610094468,2.06117e-05,0.0006657312,2.67789119148936,0.6290827,6.9804,10.1170333234042,6.617856,16.31321,easy,danger
3,1,1,straight,straight,from_right,0,0,0,0,0,1,1,5.78538194891255,6.96515e-05,24.33214,1.54082209235294,0.0,6.820936,5.73488870720588,0.01490461,52.68736,normal,collision
1,0,1,straight,straight,same_direction,0,0,0,0,0,0,0,24.9497300833333,24.83334,25.00002,4.0630004275,0.5691824,9.515363,53.5053606666666,52.53664,54.41754,normal,danger
1,0,0,straight,stop,opposite_direction,0,0,1,0,0,0,1,3.57702903296703e-05,2.869577e-05,6.900905e-05,5.39620271428571,1.921243,9.536432,19.5721493406593,17.63342,21.58191,hard,danger
2,1,1,straight,straight,opposite_direction,0,0,0,0,1,1,0,36.8828662162162,24.76692,46.61108,3.64362351351351,1.47159,7.127322,16.9257305405405,16.52193,17.19033,normal,danger
1,0,1,straight,straight,opposite_direction,0,0,1,0,0,0,1,38.3903346551724,34.45736,42.3233,4.3496618275862,1.422211,9.341641,19.7180424310344,9.507801,24.70469,easy,danger
1,0,1,straight,turn_right,same_direction,0,0,0,0,0,0,0,12.2908309703703,5.635438,20.0,4.42958881481481,1.47018,9.43944,34.7479388148148,33.83533,35.37582,hard,danger
1,0,1,straight,straight,same_direction,0,0,0,0,0,0,0,49.8732998979591,49.45999,50.00027,4.69885612244898,1.090492,9.533632,31.2198144897959,28.77006,33.55244,normal,danger
2,0,1,reverse,straight,same_direction,0,0,0,0,1,0,1,22.7027210242718,5.42528,50.00031,3.76387270388349,1.724902,9.397232,6.75868304470873,0.0478718,11.79802,easy,danger
2,1,1,turn left,straight,from_right,0,0,1,0,1,1,1,5.13065314857887,5.353689e-08,20.00031,4.53105088571428,0.0,9.434955,9.22039857959183,6.618494,12.28,hard,collision
1,0,1,straight,straight,opposite_direction,0,0,0,0,0,0,0,24.9599370535714,24.83335,25.00027,4.34762714285714,1.43216,9.432281,5.25798457142857,5.018669,5.585012,easy,danger
3,0,1,straight,stop,opposite_direction,0,0,0,0,1,0,1,4.63319206818181e-05,3.827888e-05,4.936101e-05,4.11284636818181,0.6754978,9.520515,39.4988929545454,35.82084,42.09539,normal,danger
1,0,1,straight,straight,same_direction,0,0,0,0,0,0,0,19.9617741121495,19.86666,20.00031,4.31860737009345,0.2887599,9.433111,52.89187,37.99312,56.37925,easy,danger
1,0,1,straight,straight,opposite_direction,0,0,1,0,0,0,1,19.9665424528301,19.86667,20.0,4.48579233962264,1.776416,9.27237,42.4919252830188,42.06027,42.8982,normal,danger
1,0,1,reverse,straight,same_direction,0,0,0,0,1,0,1,19.9562858503401,16.15902,23.756,4.8810436802721,1.981104,9.547266,3.81776448816326,0.02046941,5.603111,normal,danger
1,0,1,turn_right,straight,opposite_direction,0,0,1,0,1,0,1,49.8179684782608,49.43346,50.01419,4.16464345869565,0.979903,9.250386,25.6900776086956,25.19735,26.17937,easy,danger
2,0,1,reverse,straight,same_direction,0,0,1,0,0,0,1,19.9727825984251,19.86656,20.00854,3.91820054015748,0.5551708,9.242399,6.90929796062992,6.55262,7.245728,easy,danger
2,1,0,turn left,turn left,opposite_direction,0,1,1,0,0,0,1,29.9477231506849,29.75335,30.00023,4.44729894520547,1.506425,9.442112,17.1175347945205,15.82063,18.24195,normal,danger
1,1,1,straight,straight,opposite_direction,0,1,0,0,0,1,1,49.8343243902439,49.40012,50.0015,4.4885327804878,1.713654,9.320427,40.9483341463414,40.86092,41.03718,easy,danger
1,0,1,stop,straight,same_direction,0,0,0,0,0,0,0,43.8084843209876,23.50635,50.00004,4.63558156790123,1.468676,9.359506,0.0007906726734567,6.193145e-05,0.001503394,normal,danger
3,1,1,turn_right,straight,same_direction,0,0,0,0,0,1,1,36.100631839416,6.068033,57.38188,4.07269756788321,0.9936857,7.074932,20.083305839416,16.68908,25.36825,hard,danger
3,1,1,turn_right,turn_right,same_direction,0,0,0,0,0,1,1,15.269782368421,11.58472,19.18594,2.17442479842105,0.0,7.018106,13.3217031742105,0.1103294,62.93941,hard,collision
2,0,1,straight,straight,opposite_direction,0,0,1,0,0,0,1,49.864179074074,49.55324,50.00135,4.1594002037037,1.147215,9.244166,12.2954935185185,11.31727,13.51479,easy,danger
1,0,1,turn left,turn left,same_direction,0,0,1,0,0,1,1,29.8532445999999,29.43335,30.00012,4.25682484,1.228901,9.489549,8.72148274,7.87682,9.562905,normal,danger
1,0,1,straight,straight,opposite_direction,0,0,0,0,0,0,0,47.4841475,43.2749,50.00178,4.53578819230769,1.561557,9.563087,18.1878317307692,18.08178,18.37708,hard,danger
2,1,1,turn_right,turn left,opposite_direction,0,0,0,0,1,1,1,34.4266574418604,17.27786,50.01443,2.88164056046511,0.0,9.461241,15.8669995348837,15.42107,16.57654,normal,collision
2,0,1,straight,straight,same_direction,0,0,1,0,0,0,1,31.1125311111111,23.59514,47.14418,3.86905502020202,1.065704,9.199569,3.53685793939393,0.1306459,8.440557,normal,danger
1,1,1,straight,stop,same_direction,0,1,1,0,0,1,1,0.761411419980208,0.0001575055,5.040164,4.5704695625,1.998211,9.193505,34.0902673958333,33.43419,34.47849,easy,danger
1,0,1,straight,straight,opposite_direction,0,0,1,0,0,0,1,19.9572262686567,19.86667,20.00006,4.3248323880597,1.439243,9.344174,30.0404270149253,29.58566,30.50138,normal,danger
1,0,1,straight,stop,same_direction,0,0,0,0,0,0,0,1.19447143381578e-05,8.565902e-07,3.174738e-05,5.11656572039473,1.620348,9.546968,11.0421634703947,6.266676,26.0085,hard,danger
3,0,1,straight,straight,same_direction,0,0,0,0,0,0,0,19.9787253448275,19.86735,20.00343,3.75826876293103,1.660992,9.540166,32.5111684482758,25.38348,41.70543,hard,danger
2,0,1,stop,straight,same_direction,0,0,0,0,1,0,1,19.970618503937,19.86662,20.00443,4.17976526771653,1.48217,9.54683,1.14202660682677,0.009022457,3.773043,normal,danger
4,1,0,turn_right,turn left,opposite_direction,0,0,1,0,0,0,1,29.8939819402985,29.46006,30.00171,4.552971,1.778467,9.439281,20.4773820895522,20.1889,20.90059,hard,danger
1,0,1,straight,stop,same_direction,0,0,0,0,0,0,0,7.32432605914396e-05,5.300152e-06,9.090564e-05,3.56169356420233,1.735145,7.151927,10.3140206108949,6.468718,16.29924,normal,danger
2,0,1,straight,straight,same_direction,0,0,0,0,0,0,0,49.85883,49.39886,50.00325,4.01575789333333,0.6250479,9.501068,3.84353598666666,3.662136,3.952168,hard,danger
2,1,1,turn left,turn left,same_direction,0,0,1,0,1,1,1,0.0004930453521192,1.011847e-05,0.003541037,4.28234014569536,1.340578,9.186583,20.7899843046357,19.40462,21.78224,hard,danger
1,0,1,straight,straight,same_direction,0,0,0,0,0,0,0,0.0001673539536764,0.0001477083,0.0001885569,4.08893967058823,0.8384571,9.580214,25.2300535294117,22.7536,27.74249,hard,danger
1,0,1,straight,straight,same_direction,0,0,0,0,0,0,0,16.501479965616,9.647115,20.00005,3.72888266762177,1.66105,7.060308,16.6442537535816,6.189211,43.05401,normal,danger
2,0,1,straight,stop,same_direction,0,0,0,0,0,0,0,9.93097857627118e-05,9.109116e-05,0.000106602,3.97536786016949,1.659996,9.490091,11.2286004237288,10.26331,13.24796,easy,danger
1,0,1,straight,straight,opposite_direction,0,0,0,0,0,0,0,49.8498802631579,49.52668,50.00069,4.32193539473684,1.22038,9.384918,40.9746507894736,40.04068,41.88564,hard,danger
1,1,0,turn_right,stop,opposite_direction,0,0,1,0,1,1,1,0.0001139566974358,0.0001065384,0.0001187448,3.33949278846153,1.408898,6.934125,8.51397411538461,5.506879,10.90426,hard,danger
4,1,0,turn_right,turn left,opposite_direction,0,0,1,0,0,0,1,20.1285567391304,19.34001,21.80001,4.19167267391304,1.495971,9.456216,9.67969207608695,8.492673,10.89845,hard,danger
1,0,1,stop,turn left,opposite_direction,0,0,0,0,1,0,1,10.0348506361054,0.0006854328,30.00001,4.04300534065934,1.542379,9.551763,2.15860355479853,0.03666031,4.131727,normal,danger
1,0,0,straight,stop,opposite_direction,0,0,1,0,0,0,1,5.48391126666666e-05,2.30744e-05,8.480244e-05,3.55854132380952,1.741387,7.170089,23.9688576190476,21.62796,26.45151,hard,danger
3,1,1,turn left,stop,same_direction,0,0,0,0,0,1,1,10.9800689927536,6.04807,15.91207,3.32087955797101,1.50492,6.843083,8.51432264492753,5.259229,10.96456,easy,danger
1,0,1,straight,straight,opposite_direction,0,0,0,0,0,0,0,45.6095885106383,43.1636,48.05541,4.32492636170212,1.622256,9.386424,21.105699574468,20.98689,21.2454,hard,danger
1,0,1,straight,straight,same_direction,0,0,0,0,0,0,0,14.1404810526588,4.181231e-05,50.00019,4.28022595739348,1.010088,9.57503,18.6087694686716,9.944214,38.08253,normal,danger
2,0,1,straight,straight,same_direction,0,0,0,0,0,0,0,25.5135166666666,15.50763,31.91133,3.96660497142857,0.8516786,9.56693,6.35658877380952,5.782759,8.609817,hard,danger
1,0,1,straight,straight,opposite_direction,0,0,1,0,0,0,1,38.2990198113207,35.59505,41.003,3.0052923490566,0.9230707,7.065352,8.48748688679245,7.283944,9.561455,hard,danger
2,0,1,straight,straight,same_direction,0,0,0,0,0,0,0,12.5768521370719,3.833241e-05,36.00007,4.43032822744186,0.4772242,9.431061,12.745645116279,10.20474,14.58341,hard,danger
1,0,0,straight,stop,opposite_direction,0,0,1,0,0,0,1,9.71470189230769e-05,9.047735e-05,0.0001068596,4.38347624615384,1.056135,9.539465,13.2241395384615,9.828998,16.99798,hard,danger
2,0,1,straight,straight,same_direction,0,0,0,0,0,0,0,39.3790593805309,29.29919,49.44483,4.73287534513274,1.828222,9.562448,9.72357621238938,6.33949,12.33279,normal,danger
2,1,0,turn_right,turn left,opposite_direction,0,0,1,1,0,0,1,29.923621125,29.64667,30.00001,4.3168044125,1.366452,9.388575,12.974821,12.91263,13.03085,hard,danger
4,1,0,turn left,turn left,opposite_direction,0,0,1,1,1,0,1,8.1628462360539,0.0002967014,16.56028,2.44789652482269,1.045292,7.138791,5.73974420567375,3.156686,8.597594,hard,danger
1,0,1,straight,straight,same_direction,0,0,0,0,0,0,0,49.7793208264462,48.09488,50.01444,5.40218664462809,1.898211,9.539774,36.7940989256198,35.32813,38.22029,normal,danger
1,1,1,straight,stop,from_right,0,1,1,0,0,1,1,2.12359717961957,0.0001580409,13.99932,3.53496958715596,0.0,9.344932,5.25957366045871,0.01396143,26.4893,normal,collision
2,1,0,reverse,turn left,from_right,1,0,0,0,0,0,1,29.88373125,29.50663,30.00004,4.50833841964285,1.721683,9.577303,3.22714856249999,1.868737,4.092929,hard,danger
2,1,0,turn_right,turn left,opposite_direction,0,0,1,1,0,0,1,29.8642007407407,29.50001,30.00002,4.54769107407407,1.798299,9.388386,12.7759116049382,10.89675,13.03914,hard,danger
1,0,1,stop,turn left,opposite_direction,0,0,1,0,1,0,1,19.9685736904761,19.86667,20.00001,2.90082884642857,0.6993132,7.069278,5.01434236904761,3.64926,5.762939,normal,danger
2,0,1,straight,straight,opposite_direction,0,0,0,0,0,0,0,19.9596913793103,19.86677,20.00027,4.325978,1.278842,9.450998,38.802828275862,37.21206,40.5079,normal,danger
3,1,1,straight,straight,same_direction,0,0,0,0,0,1,1,1.29580134728796,3.437069e-05,4.020052,4.47649585365853,1.48039,9.361535,27.3807156910569,26.64873,27.86087,hard,danger
1,0,1,straight,stop,opposite_direction,0,0,1,0,0,0,1,1.20079548199573,0.0001555247,6.734153,4.59046712790697,1.308438,9.491854,12.1081220038759,8.340173,14.15683,normal,danger
4,1,0,turn_right,turn left,opposite_direction,0,0,1,0,0,0,1,29.8648471604938,29.5,30.00002,4.60883113580246,1.903838,9.441711,12.1942976543209,11.31204,12.88019,hard,danger
1,0,1,straight,straight,opposite_direction,0,0,0,0,0,0,0,8.39786138797814e-05,7.559409e-05,9.202991e-05,4.68645316393442,1.996517,9.543366,18.0655119125683,16.74399,19.92647,normal,danger
4,1,0,turn_right,turn left,opposite_direction,0,0,1,0,0,0,1,29.8662150746268,29.46001,30.00001,4.35415273134328,1.502338,9.266541,20.8091131343283,19.97492,21.64801,hard,danger
2,0,1,straight,straight,opposite_direction,1,0,1,0,0,0,1,14.1301488292682,6.840153,21.42017,3.15151463414634,1.377091,7.225405,6.88675885365853,5.815082,8.086268,hard,danger
2,1,0,turn_right,turn left,opposite_direction,1,0,1,1,0,0,1,19.9721219008264,19.86667,20.00002,4.60378765289256,1.89725,9.46034,7.06196672727272,5.515394,8.337458,hard,danger
1,0,1,straight,straight,opposite_direction,1,0,0,0,0,0,1,19.9832487837837,19.86667,20.00001,3.82902422027027,0.2273132,9.436115,27.4569929729729,27.01056,28.04919,normal,danger
1,1,1,straight,turn_right,from_left,0,0,1,0,0,1,1,15.8712542236024,12.67029,19.07107,3.59627608012422,0.819664,7.045038,3.2498237792795,0.0006779687,8.065883,hard,danger
1,0,1,straight,stop,same_direction,0,0,0,0,0,0,0,2.84457492783505e-05,2.189659e-05,3.024834e-05,4.25394552577319,1.236547,9.47508,35.1626254639175,32.57228,37.63427,normal,danger
3,1,1,turn_right,turn left,same_direction,0,0,0,0,0,0,0,46.5849253076923,14.62882,62.80233,5.63869111538461,1.485389,9.587812,21.1633384615384,17.58192,23.32979,hard,danger
4,1,0,stop,turn left,from_right,1,0,0,0,1,0,1,18.1611090816326,4.781064,30.0004,3.07060077448979,0.0,9.381276,2.96111079969387,0.04057761,6.591522,hard,collision
4,1,0,turn_right,turn left,opposite_direction,0,0,1,0,0,0,1,19.9061334444444,19.39972,21.20041,4.62582902222222,1.906946,9.542669,17.8263806666666,14.22839,18.58979,hard,danger
1,0,1,straight,straight,same_direction,0,0,0,0,0,0,0,49.827179868421,49.40005,50.0154,4.22091667763157,1.199723,9.49316,27.5191770394736,25.63662,29.58122,normal,danger
1,0,1,straight,straight,opposite_direction,0,0,1,0,0,0,1,30.9466576470588,30.79331,31.00023,4.24047215686274,1.629869,9.370499,27.501722745098,26.53842,28.44693,easy,danger
2,1,1,straight,straight,same_direction,0,0,0,0,0,1,1,37.0482428143712,33.76888,38.01394,4.60481062874251,1.989188,9.447818,16.6363308982035,16.48279,16.79686,normal,danger
1,0,1,straight,stop,from_left,1,0,1,0,1,0,1,2.80456063480496,0.0001365726,9.359879,3.75589716030534,1.793669,7.162269,8.76967644274809,4.769687,12.15083,hard,danger
2,0,1,straight,straight,same_direction,0,0,0,0,1,0,1,27.3715027806691,6.889467,50.00189,6.25586639256505,0.3275225,9.443106,18.0437633828996,15.34168,21.66084,hard,danger
1,0,1,straight,straight,opposite_direction,0,0,1,0,0,0,1,49.9284651219512,49.6667,50.00007,3.6898171707317,1.210567,7.123248,23.5185551219512,21.53238,26.02324,normal,danger
2,0,1,straight,straight,same_direction,0,0,0,0,0,0,0,49.8762854666666,49.39875,50.00359,4.00264272266666,0.5668392,9.455113,3.61033041333333,3.529787,3.789374,hard,danger
1,0,1,straight,straight,opposite_direction,0,0,1,0,0,0,1,32.9302391935483,28.59904,37.26134,4.39913956451612,1.329421,9.517626,22.3379456451612,13.10322,25.36651,easy,danger
1,1,1,straight,straight,opposite_direction,0,1,0,0,1,1,1,4.03729188526406,4.51316e-05,36.4277,3.45145308566666,0.5201299,9.202446,3.84949938486666,0.02612843,7.766437,hard,danger
1,1,1,turn_right,straight,from_right,0,1,0,0,0,1,1,2.28498152896642,1.606107e-06,14.21124,3.99523380405405,1.32243,9.055449,19.3216866891891,18.52153,20.33642,normal,danger
1,1,1,straight,turn_right,from_left,0,0,1,0,0,1,1,15.1112521848739,12.75097,17.47173,2.62654422184873,0.8901563,7.108072,1.912760558521,0.0006779687,6.021852,hard,danger
2,0,1,straight,turn_right,opposite_direction,1,0,0,0,0,0,1,17.033557368421,15.30118,19.74168,4.17645983157894,1.136687,9.380153,19.1482239789473,6.340451,32.52808,easy,danger
1,1,0,turn_right,stop,opposite_direction,0,0,1,0,1,1,1,0.0001321516734193,9.877556e-05,0.0001726029,4.09689055677419,0.3930149,8.894222,10.7155611354838,5.506879,15.13384,hard,danger
1,0,1,straight,straight,opposite_direction,0,0,0,0,0,0,0,44.9461236734693,44.7,45.00001,4.61962281632653,1.958936,9.340384,23.1264734693877,22.73394,23.51115,normal,danger
2,0,1,straight,straight,same_direction,0,0,0,0,0,0,0,5.63556481339712e-05,2.880285e-05,8.603378e-05,3.07112311961722,1.19373,7.077669,9.61029037320574,6.582348,15.00462,hard,danger
1,0,1,straight,straight,same_direction,0,0,0,0,0,0,0,10.0660064390243,1.880365,16.14942,4.18730546341463,1.324632,9.48829,37.6315481300813,34.57473,40.08063,hard,danger
1,0,1,straight,straight,same_direction,0,0,0,0,0,0,0,49.8455486170212,49.39995,50.00025,3.81881642978723,0.1112635,9.527584,12.8716517021276,12.64368,13.11014,hard,collision
1,1,1,straight,stop,from_left,0,1,1,0,0,1,1,0.088414835910204,0.0001394101,2.98493,2.34876374793197,0.0,6.930533,15.0753215646258,13.64177,16.15177,normal,collision
2,0,1,stop,straight,same_direction,0,0,0,0,1,0,1,19.9743989595375,19.86664,20.00436,4.62691155491329,1.763567,9.547927,1.25106029992485,0.009022457,5.068513,normal,danger
2,0,1,straight,straight,same_direction,0,0,0,0,0,0,0,48.9831063917525,45.12014,50.11872,4.44394679381443,1.549895,9.364031,14.2991592783505,13.04081,15.56643,hard,danger
2,0,1,straight,straight,same_direction,0,0,0,0,0,0,0,19.9569817361111,19.86669,20.00029,4.26231574305555,1.821312,7.104285,11.4100187499999,10.89847,12.14326,hard,danger
2,0,1,straight,stop,same_direction,0,0,0,0,0,0,0,0.0001574131435483,0.0001550964,0.0001638764,4.61620459274193,1.216527,9.553546,7.35109037096774,5.971889,8.797665,normal,danger
1,0,1,straight,straight,same_direction,0,0,0,0,0,0,0,14.440621159533,9.430497,20.00008,4.33286205058365,1.342669,7.200869,9.34726687159533,5.409616,13.60546,normal,danger
3,0,1,straight,stop,same_direction,0,0,0,0,0,0,0,24.0055984769539,13.93865,38.64427,2.45977241803607,0.6214364,5.374678,23.8178891182364,21.58915,25.53126,hard,danger
2,0,1,turn left,straight,same_direction,0,0,0,0,1,0,1,65.86654125,65.56004,66.00521,3.851947403125,0.1890483,9.431145,11.16494921875,10.36437,11.94006,normal,collision
1,1,1,straight,stop,from_right,0,1,1,0,0,1,1,2.60771483843561,6.113913e-05,7.535515,3.26366384477611,0.0,6.912695,5.77624646916417,0.01396143,26.4893,normal,collision
3,0,1,straight,straight,opposite_direction,0,0,1,0,0,0,1,47.3165640625,44.52396,50.1068,4.088920975,0.9096472,9.175272,58.740363125,58.16218,58.89131,easy,danger
1,1,0,turn_right,turn_right,from_right,0,0,0,0,1,1,1,0.0001807052912698,0.0001390353,0.0007864569,2.82101015238095,0.8853307,6.894736,4.73980175321428,0.02532515,9.729291,hard,danger
4,1,0,turn_right,turn left,opposite_direction,0,0,1,0,0,0,1,20.0243810843373,19.39964,21.53155,4.30126603614457,1.187335,9.476723,21.6042912048192,21.21337,21.78038,hard,danger
2,0,1,straight,straight,opposite_direction,0,0,1,0,1,0,1,39.9372880357142,39.73338,40.00038,4.52110867857142,1.703174,9.401139,22.6523294642857,22.20945,22.82942,hard,danger
3,0,1,straight,straight,same_direction,0,0,0,0,0,0,0,42.7658204102564,32.37667,52.93436,4.32835196410256,1.170349,9.424758,25.527169076923,24.45764,25.90567,easy,danger
2,0,1,stop,straight,same_direction,0,0,0,0,1,0,1,5.72121694897319,5.139541e-06,31.61682,4.56583255670103,1.619022,7.22725,1.24894360484742,0.001458137,4.61302,normal,danger
1,0,1,straight,straight,same_direction,0,0,0,0,0,0,0,7.41611346846846e-05,6.713526e-05,7.570117e-05,4.4158554054054,1.612244,9.480085,30.1562374774774,28.37006,31.82366,hard,danger
2,1,1,straight,straight,same_direction,0,1,0,0,1,1,1,49.8938050704225,49.61899,50.01273,4.15865890915493,0.9864197,9.474999,25.9365677464788,24.21005,27.66542,normal,danger
1,0,1,straight,straight,same_direction,0,0,0,0,0,0,0,10.4803129454477,0.0001383929,40.7406,2.27121194323308,0.1817712,9.390285,6.97900535338345,4.012745,8.255758,normal,collision
4,1,0,turn_right,turn left,opposite_direction,0,0,1,0,0,0,1,29.840702368421,29.40669,30.00047,4.58122990789473,1.878603,9.330323,14.2513080263157,13.72762,14.63618,hard,danger
1,0,1,straight,straight,same_direction,0,0,0,0,0,0,0,13.3694919784946,3.76076,20.81161,3.47408141505376,0.5613236,9.442282,32.0306981182795,30.76336,33.62012,normal,danger
4,1,0,turn_right,turn left,opposite_direction,0,0,1,0,0,0,1,29.9349643421052,29.72005,30.00528,4.57779256578947,1.902382,9.336093,14.8989551315789,14.66656,15.2394,hard,danger
1,1,1,turn left,turn left,from_right,0,1,0,0,1,1,1,31.8951444186046,27.2964,40.94417,4.34178269767441,1.5974,6.879375,8.59054025581395,8.149076,8.737995,hard,danger
1,0,1,straight,straight,same_direction,0,0,0,0,0,0,0,31.9461568852459,31.78667,32.00015,2.60645483934426,0.2523659,7.00187,13.0435186065573,12.73308,13.38102,hard,danger
2,0,1,straight,straight,same_direction,0,0,0,0,0,0,0,24.501168275862,23.74046,24.99993,4.51389194913793,0.7802846,9.55598,7.50117250862069,6.789703,8.132678,hard,danger
1,0,1,straight,straight,same_direction,0,0,0,0,0,0,0,49.9005865591397,49.40001,50.00016,3.94682766666666,0.6179116,9.463696,12.9597977096774,6.1574,14.48738,easy,danger
1,0,1,straight,turn_right,same_direction,0,0,0,0,0,0,0,34.2062945751634,23.4252,50.00001,4.16649361437908,1.311572,9.351029,7.19953977777777,6.949385,7.823829,hard,danger
4,1,0,turn_right,turn left,from_left,0,0,1,0,0,0,1,19.9737681300813,19.86667,20.0,4.19584635284552,0.920424,9.450865,8.673947300813,7.344648,10.17215,hard,danger
1,1,1,turn left,straight,opposite_direction,0,0,0,0,0,1,1,10.6619085614035,8.026836,12.72967,4.3520188245614,1.185483,9.517456,9.99228245029239,8.342867,11.25555,hard,danger
1,0,1,straight,straight,same_direction,0,1,1,0,0,1,1,0.35534959975489,0.0001555247,3.711061,3.63413386826347,1.296505,8.443028,6.08450357399201,0.02904905,13.61779,normal,danger
2,1,1,turn left,straight,same_direction,0,0,0,0,0,1,1,17.498026519097,0.0001228672,43.46976,5.05926044342105,0.5307155,7.716038,9.70971167105263,7.903358,12.72829,hard,danger
1,0,1,straight,straight,opposite_direction,0,1,1,0,0,1,1,12.2939261827957,9.326033,15.80775,3.85940756989247,1.810894,7.108078,17.892777204301,16.65377,19.12779,normal,danger
1,0,1,straight,straight,opposite_direction,0,0,1,0,0,0,1,42.106834,29.94028,48.69501,4.416411975,1.895805,9.475067,14.3354555,14.32427,14.34669,hard,danger
2,0,1,straight,straight,same_direction,0,0,0,0,0,0,0,24.6856932402234,24.14413,25.00332,3.86226641117318,0.8586202,9.569111,7.19727375418994,6.470918,8.132678,hard,danger
1,0,1,straight,straight,opposite_direction,0,0,1,0,0,0,1,19.9147562857142,19.58636,20.00052,4.42520924285714,1.638507,9.340141,27.8457167142857,27.38641,28.31565,normal,danger
1,0,1,straight,straight,same_direction,0,0,0,0,0,0,0,16.8189768303797,9.404593,20.0001,2.93983952151898,1.174227,7.006162,19.7684965822784,6.189211,43.85646,normal,danger
2,1,1,turn left,straight,same_direction,0,0,0,0,0,1,1,49.8011957999999,49.3994,50.00201,4.16826205,1.049979,9.534031,15.931726,15.74519,16.00713,hard,danger
1,1,1,turn left,turn left,from_right,0,1,0,0,1,1,1,40.4656081481481,37.09166,43.10576,3.76015603518518,0.0,9.090576,10.9696317962962,7.376856,11.91616,hard,collision
1,1,1,straight,stop,same_direction,0,1,0,0,0,1,1,0.0001628082,0.000157452,0.0001699796,4.15228354470588,0.9784067,9.49054,40.2548828235294,38.95965,41.3693,hard,danger
1,1,1,straight,turn_right,from_left,0,0,1,0,0,0,1,12.9685085916666,9.313184,17.58947,3.60372599791666,0.7956412,7.341798,0.222585627695833,0.003768801,2.126818,hard,danger
1,0,1,straight,straight,same_direction,0,0,0,0,0,0,0,16.002487644,9.338078,20.0001,5.239460976,1.661766,7.916961,14.5725038027,0.0529222,25.34249,easy,danger
2,1,0,straight,turn left,from_right,1,0,0,0,0,0,1,28.7563226956521,25.79156,30.00001,4.48457416521739,1.564962,9.43118,2.08451524113043,0.03310534,4.585427,hard,danger
2,0,1,straight,straight,opposite_direction,0,0,1,0,0,0,1,33.795005522388,29.30572,38.2836,4.38915049253731,1.47762,9.563849,17.3931356716417,10.24492,27.63694,easy,danger
2,0,1,straight,straight,same_direction,0,0,0,0,0,0,0,24.4278659139784,23.73282,25.00035,3.47190917956989,0.7823734,7.063841,8.53972236559139,8.14084,9.075194,hard,danger
1,0,1,stop,stop,from_left,0,0,0,0,1,0,1,0.0001452961374749,0.0001176205,0.0004764248,3.78714702805611,1.095276,6.795911,2.26939357925851,0.01649017,5.233219,hard,danger
1,1,1,straight,stop,same_direction,0,0,0,0,0,0,0,5.51806608243946,5.508946e-05,20.08299,2.19314383621399,0.0,7.249959,0.863818506366255,0.001244573,4.800068,hard,collision
1,0,1,straight,straight,opposite_direction,0,0,1,0,0,0,1,49.9310638297872,49.4,50.0,4.33198072340425,1.455985,9.206132,21.4931289361702,21.44102,21.54522,easy,danger
1,0,1,straight,straight,opposite_direction,0,0,0,0,0,0,0,9.92014946534653,7.920171,11.92013,4.6568696930693,1.939085,9.458498,22.920906930693,21.81116,24.02916,hard,danger
2,0,1,straight,straight,same_direction,0,0,0,0,0,0,0,4.58750033122655,1.391959e-06,26.86474,5.01747018586497,0.940098,8.181742,11.7770476624472,5.943573,40.22878,hard,danger
2,1,0,turn_right,turn left,opposite_direction,0,0,1,1,0,0,1,29.8588872340425,29.39998,30.00106,4.80124665106382,0.9681976,9.357104,9.6769619787234,9.384861,9.866967,easy,danger
1,0,1,straight,straight,same_direction,0,0,0,0,0,0,0,48.0884986284289,18.97517,50.00092,3.46138650124688,1.544526,9.528744,46.2338308728179,35.7301,54.79886,hard,danger
1,0,1,straight,straight,opposite_direction,0,0,1,0,0,0,1,19.8742824742268,19.50976,21.54629,4.63649721649484,1.993925,9.532165,14.4391441237113,14.325,14.67866,hard,danger
1,0,1,straight,straight,same_direction,0,0,0,0,0,0,0,16.040358754,9.631051,20.00006,1.951850436,1.589051,3.433786,14.5725038027,0.0529222,25.34249,easy,danger
1,1,1,straight,straight,same_direction,0,1,0,0,0,1,1,0.0001602455385,0.0001557388,0.0001638764,4.145367205,1.088045,9.503284,17.07175155,14.55749,19.68114,hard,danger
1,0,1,straight,straight,same_direction,0,0,0,0,0,0,0,19.9755384090909,19.86668,20.00018,4.15040065151515,1.028491,9.554192,45.9477789393939,41.91409,49.88594,easy,danger
1,0,1,straight,stop,same_direction,0,0,0,0,0,0,0,8.22478348333333e-05,7.484457e-05,8.924599e-05,3.99801533333333,1.487029,7.993825,25.8652705,25.58887,26.00399,hard,danger
1,1,1,reverse,turn_right,from_right,0,1,1,0,0,1,1,0.992735557798203,0.0001555247,12.5684,5.29833570858283,0.0,7.583578,4.30385413013972,0.2419923,6.815312,normal,collision
1,0,0,straight,stop,opposite_direction,0,0,1,0,0,0,1,0.000140902429493,0.0001047717,0.0001552035,4.62929057142857,1.514438,9.513119,15.6375632258064,12.60839,18.82353,hard,danger
2,0,1,straight,straight,opposite_direction,0,0,1,0,0,0,1,49.8940697727272,49.64668,50.00006,4.40183959090909,1.524521,9.227106,26.9385384090909,26.35374,27.51552,hard,danger
1,0,1,reverse,stop,from_right,1,0,0,0,1,0,1,5.13917900411192,0.0001741555,27.83237,3.19313322935779,0.0,6.810194,4.64099182883027,0.02228259,7.044104,hard,collision
3,0,1,straight,stop,same_direction,0,0,0,0,0,0,0,25.0897700400801,14.12107,79.99899,3.31475083366733,1.432842,6.107115,23.8178891182364,21.58915,25.53126,hard,danger
1,0,1,straight,straight,opposite_direction,0,0,1,0,0,0,1,49.764975409836,49.4002,50.00174,4.64433204918032,1.914549,9.509869,6.67139131147541,6.576299,6.722228,easy,danger
1,0,1,straight,stop,from_left,1,0,1,0,0,0,1,2.11111099456592,0.0001548287,6.551659,2.19333458503184,0.0,7.121329,4.20811235296178,0.054857,11.99656,hard,collision
2,0,1,straight,straight,same_direction,0,0,0,0,0,0,0,34.945424,34.7667,35.00052,4.51953490833333,1.648952,9.553749,7.05034735833333,2.939249,9.787786,hard,danger
1,1,1,turn left,straight,same_direction,0,0,0,0,0,0,0,5.10307884742014,0.2401177,10.72009,5.45703274447174,1.404196,9.455317,10.5116836633906,6.665236,13.26414,hard,danger
1,1,0,turn_right,straight,same_direction,0,0,0,0,0,1,1,10.0194641719745,9.653238,12.13292,3.96494816921942,0.0,9.158396,29.6400419745222,24.67135,41.05727,hard,collision
4,1,0,turn_right,turn left,opposite_direction,0,0,1,0,0,0,1,18.7858163953488,15.21657,22.3557,4.29236494186046,1.054596,9.543113,20.920596744186,20.46672,21.34756,hard,danger
1,1,1,stop,turn_right,from_left,0,0,1,0,0,0,1,28.6920565384615,24.53646,40.8326,3.97210603846153,1.110361,9.40296,5.40714364423077,4.809659,6.019264,hard,danger
2,1,1,turn left,straight,opposite_direction,0,0,0,0,0,0,0,49.856204347826,49.45334,50.0,4.50117745652173,1.603046,9.492581,24.3382660869565,23.94613,24.76672,hard,danger
1,0,1,straight,stop,same_direction,0,0,0,0,0,0,0,5.25220858955223e-06,1.124275e-06,7.602239e-06,4.43058009701492,1.56608,9.556679,25.1622164179104,24.39604,25.73431,hard,danger
1,0,1,straight,turn left,from_right,0,0,1,0,0,0,1,42.748445522388,37.10513,48.65495,4.54812962686567,1.773632,9.332054,6.2617773880597,5.437426,6.844808,hard,danger
4,1,0,stop,turn left,from_right,1,0,0,0,1,0,1,29.8517325842696,29.39994,30.00023,3.26801230898876,0.933466,6.89954,5.85216105617977,5.268023,6.852471,hard,danger
1,1,1,turn_right,turn_right,same_direction,0,0,0,0,0,1,1,14.3303659537572,11.01738,17.75951,3.39665580924855,1.78092,7.125204,25.814539884393,24.39909,27.84559,hard,danger
2,0,1,straight,straight,opposite_direction,0,0,0,0,0,0,0,33.5523520070671,2.396234,50.00225,5.38729083937455,0.0,9.499778,21.1142922614841,15.00488,27.28393,hard,collision
1,0,1,straight,straight,same_direction,0,0,0,0,0,1,1,29.5355575555555,19.04947,40.9516,1.87237565585925,0.0,7.04974,17.090069037037,15.86342,18.93035,normal,collision
2,0,1,straight,straight,opposite_direction,1,0,1,0,0,0,1,42.4091583333333,40.32387,43.0005,4.5990406025641,1.910882,9.402722,0.112196279871794,0.03635542,0.5024184,hard,danger
1,1,1,turn_right,stop,opposite_direction,0,0,0,0,0,0,0,5.62014758536585,4.000143,7.240151,3.49912435365853,1.892756,7.167782,21.4773934146341,20.7159,22.33825,hard,danger
2,1,1,turn left,turn_right,same_direction,0,0,1,0,1,1,1,8.17623873726586,6.681404e-05,15.36549,4.47122245432692,1.693532,7.205282,14.5080019302884,6.145392,23.67193,hard,danger
2,0,1,straight,straight,same_direction,0,0,0,0,0,0,0,24.952939125683,24.83342,25.00201,4.09489490983606,0.8927424,9.520045,6.13428816393442,5.214307,6.760604,hard,danger
1,0,1,straight,straight,opposite_direction,0,0,1,0,0,0,1,19.9783730526315,19.86674,20.00035,4.58057196842105,1.937771,9.402756,14.781048,14.53022,15.0207,hard,danger
3,1,1,turn left,straight,same_direction,0,0,0,0,0,0,0,79.7891088679245,79.39657,80.0024,3.96019653207547,0.6034358,9.340189,15.0200707547169,14.41792,15.69077,hard,danger
2,1,1,straight,straight,same_direction,0,0,0,0,0,0,0,49.8608626168224,49.52,50.0171,4.18558635514018,1.020547,9.528817,17.7931064485981,16.3903,19.16531,hard,danger
1,1,1,stop,turn_right,same_direction,0,0,0,0,0,0,0,4.124073930269,7.377384e-05,17.56909,2.06308011816367,0.0,5.101277,3.28964223070784,2.36765e-05,7.72769,hard,collision
2,0,1,turn left,turn left,same_direction,0,0,0,0,0,0,0,49.8491442857142,49.52,50.0,4.4041435047619,1.576422,9.52454,21.8268083809523,20.81976,22.79053,hard,danger
1,1,1,turn_right,stop,opposite_direction,0,1,0,0,0,1,1,0.140798184773209,6.745648e-06,7.852956,2.84344530186836,0.0,8.746651,19.4639060451977,13.23739,55.59595,easy,collision
2,0,1,turn left,straight,from_right,0,0,0,0,1,0,1,69.8246701923076,69.39999,70.00278,4.15964353461538,0.848242,9.471594,7.03983123076923,7.010103,7.098478,normal,danger
2,0,1,straight,turn_right,opposite_direction,0,0,1,0,0,0,1,0.0054556628772455,0.005414227,0.005490043,4.1684792766467,0.8531411,8.63609,10.8419060718562,4.586374,14.66171,normal,danger
4,1,0,turn left,turn left,from_left,0,0,0,1,1,1,1,29.907850490196,29.69335,30.00616,4.45926849019607,1.638041,9.491983,5.77226051960784,2.952228,7.361417,hard,danger
3,0,1,straight,straight,same_direction,0,0,0,0,0,0,0,28.2834395068493,19.34002,49.99998,3.9520060219178,1.811035,9.146347,19.9583530410958,15.03702,25.34796,hard,danger
1,0,0,straight,stop,opposite_direction,0,0,1,0,0,0,1,0.00012253025,8.699745e-05,0.0001531155,4.6500107368421,1.869632,9.505054,25.0267084962405,21.97478,28.20557,hard,danger
1,0,1,straight,straight,same_direction,0,0,0,0,0,0,0,39.9409214728682,39.73327,40.00018,4.37628493798449,1.435399,9.55689,13.7468197674418,12.83548,14.7432,hard,danger
2,0,1,turn left,straight,same_direction,0,0,0,0,1,0,1,7.25920885919732e-05,3.801119e-06,9.749068e-05,4.01216091304347,1.608451,7.261276,8.32463011371237,6.138882,9.974489,hard,danger
1,1,0,turn_right,stop,opposite_direction,0,0,1,0,1,1,1,0.000160813939834,0.0001389282,0.000187968,2.388842199,0.0,7.090389,9.74628760165975,5.506879,13.12836,hard,collision
1,1,1,straight,turn_right,same_direction,0,1,0,0,0,1,1,11.3726783486238,10.80225,12.96223,4.57850017431192,1.825084,9.577715,43.6047793577981,42.75109,44.62574,easy,danger
1,0,1,stop,straight,same_direction,0,0,0,0,1,0,1,49.9223144117647,49.40002,50.00001,5.12110249999999,1.228366,9.440778,0.0081314185588235,0.005028211,0.01131635,normal,danger
2,0,1,straight,straight,same_direction,0,0,0,0,0,0,0,49.9070711428571,49.66,50.00001,3.78188007238095,0.196188,9.424932,16.8948067619047,16.25055,17.51269,normal,collision
1,1,1,straight,straight,same_direction,0,0,0,0,0,1,1,20.6177091129032,13.32014,27.94425,3.10530295564516,0.7729261,7.043757,9.40943823387096,6.747689,11.49934,normal,danger
1,0,1,straight,stop,same_direction,0,0,0,0,0,0,0,0.769219995005263,0.000159647,5.037987,4.29982487368421,1.175344,9.463187,36.6504117894736,34.19168,38.7738,normal,danger
1,0,1,straight,straight,same_direction,0,0,0,0,0,0,0,49.8811172222222,49.4599,50.00018,4.44351128888888,1.643236,9.449886,12.6683748888888,12.20091,13.23148,hard,danger
1,0,1,straight,straight,same_direction,0,0,0,0,0,0,0,48.1670343283582,41.37301,50.00001,4.67034042537313,1.806407,9.470754,23.3536967910447,21.68124,25.04159,normal,danger
2,0,1,straight,straight,same_direction,0,0,0,0,0,0,0,46.4540065873015,37.52031,50.0,3.75182481746031,1.328541,7.095604,23.7693157142857,22.14997,25.40462,hard,danger
4,1,0,turn_right,turn left,opposite_direction,0,0,1,0,0,0,1,29.8987150746268,29.56694,30.00999,4.19097625970149,0.9612713,9.317702,21.795797761194,20.608,22.07723,hard,danger
2,1,1,turn_right,turn_right,same_direction,0,0,0,0,1,0,1,11.1830700949264,2.473404e-05,50.0,5.98159945925926,0.0,9.561999,11.0655768271604,7.383965,16.23191,normal,collision
2,1,1,turn_right,straight,from_left,0,0,1,0,0,1,1,9.18004045,8.00005,10.36003,3.61841903333333,1.177612,6.974752,50.8547921666666,47.79741,55.35294,normal,danger
2,0,1,reverse,straight,same_direction,0,0,0,0,0,0,0,30.3909341269841,23.49083,37.00001,4.73501606878306,1.032668,9.557826,12.6647461904761,10.37366,16.73246,normal,danger
3,0,1,straight,straight,same_direction,0,0,0,0,1,0,1,79.7369542553191,78.77325,80.01029,3.93970963829787,1.203345,9.083674,23.6910770212765,23.21595,24.26396,hard,danger
4,1,0,stop,turn left,same_direction,0,0,0,0,1,0,1,35.1605384,29.12641,47.45462,4.265864,1.658666,9.433103,1.3327176743,0.02466728,4.083033,hard,danger
2,1,1,straight,straight,same_direction,0,0,0,0,0,0,0,12.9933393982169,0.001058746,35.01369,5.49936806349206,0.0,9.519506,13.0982434920634,11.47159,14.87224,hard,collision
2,0,1,straight,stop,same_direction,0,0,0,0,0,0,0,5.62274485472973e-07,1.08513e-07,1.073309e-06,3.98547952702702,1.578433,7.893874,10.0686594256756,8.44164,11.33531,normal,danger
1,0,1,straight,straight,opposite_direction,0,0,0,0,0,0,0,28.7451867391304,27.16872,30.3201,4.24618582608695,1.195866,9.262638,44.8348882608695,43.92447,45.70755,hard,danger
3,1,1,straight,straight,from_left,0,0,0,0,0,1,1,4.89800539952882,6.119267e-05,71.62164,3.64074933333333,0.0,9.503727,3.3438836548,0.01490461,7.838154,normal,collision
1,0,1,reverse,straight,same_direction,0,0,0,0,1,0,1,15.4052639527777,0.01284944,50.0008,3.33409185858585,0.0,9.544912,5.57667727272727,1.19494,9.252383,normal,collision
1,0,1,straight,straight,same_direction,0,0,0,0,0,0,0,19.9797578354978,19.86665,20.00021,4.23126737662337,1.587782,9.552554,6.86461548484848,5.632125,7.776843,hard,danger
1,1,1,turn left,stop,same_direction,0,0,0,0,0,1,1,7.28722329749401,0.000110286,26.36694,6.73334218570858,0.0,8.844865,3.04693376324065,7.970529e-05,10.17863,easy,collision
1,0,1,straight,straight,same_direction,0,0,0,0,0,0,0,49.8903138888888,49.65999,50.00033,3.94675550888888,0.3815027,9.526879,11.0507584444444,10.66598,11.39491,hard,danger
2,0,1,straight,stop,same_direction,0,0,0,0,0,0,0,8.14405242391304e-05,4.625587e-05,0.0001105537,4.70036379891304,1.09662,9.566799,9.30440085597826,5.990828,16.68216,normal,danger
1,0,1,straight,straight,opposite_direction,0,0,1,0,0,0,1,49.8056926229508,49.39995,50.00152,4.28931691803278,1.32588,9.324114,6.70504963934426,6.679802,6.722228,easy,danger
2,0,1,straight,straight,opposite_direction,0,0,0,0,1,0,1,19.956812368421,19.86691,20.00067,4.28699776315789,1.280878,9.477187,24.8375247368421,24.44266,25.46449,normal,danger
1,1,1,turn left,turn left,same_direction,0,0,1,0,0,1,1,15.8308462408759,10.46236,20.00001,2.84820643978102,0.6375132,6.894596,8.77726510583941,6.344738,11.62241,hard,danger
2,1,1,straight,straight,same_direction,0,0,0,0,0,0,0,49.8404953448275,49.4,50.01273,4.89334139655172,1.022332,9.539981,18.6102531034482,17.85298,19.36358,hard,danger
1,0,1,straight,straight,same_direction,0,0,0,0,0,0,0,31.9493510191082,31.78668,32.00027,4.01047680828025,0.8173258,9.452991,10.0714258343949,8.646594,10.84314,hard,danger
1,1,1,stop,stop,same_direction,0,0,0,0,0,0,0,1.46240803293013,0.0001280067,13.20014,1.23839439201596,0.690407,1.320349,0.615150688124756,2.167078e-06,6.687735,normal,danger
1,0,1,straight,stop,same_direction,0,0,0,0,0,0,0,0.0001619950050761,0.0001570237,0.0001693907,4.25062967005076,1.236731,7.327744,15.115942538071,5.969215,24.85993,hard,danger
2,0,1,straight,straight,same_direction,0,0,0,0,0,0,0,25.7050457692307,19.39831,52.784,3.06421522115384,1.310361,7.913815,11.7827630288461,10.89847,13.1256,hard,danger
4,1,0,turn left,turn left,from_left,0,0,0,1,1,1,1,15.1290990299999,2.568417,30.00003,3.90462514,1.862738,9.396117,5.358584765,0.8936964,8.708919,hard,danger
2,0,1,reverse,straight,opposite_direction,0,0,0,0,1,0,1,21.9601780672268,21.85339,22.00138,3.78528747310924,0.9564505,8.114669,5.20820044672268,0.05311536,7.04187,easy,danger
2,0,1,turn left,straight,from_right,0,0,1,0,1,1,1,8.23320578359565,0.0001431577,70.0,2.96280657246376,1.484005,9.160761,6.16242067391304,5.824159,6.391389,hard,danger
1,0,1,straight,stop,same_direction,0,0,0,0,0,0,0,7.41735535338345e-05,7.082931e-05,8.137608e-05,4.42738935338345,1.525403,9.57556,25.4891159398496,24.87804,25.90126,hard,danger
2,0,1,straight,straight,same_direction,0,0,0,0,0,0,0,35.6609075892857,18.80001,50.00068,2.45539270611607,0.01157141,7.534928,36.4516198660714,25.72518,50.79708,hard,collision
3,0,1,straight,straight,same_direction,0,0,0,0,0,0,0,44.9072429787234,44.24919,45.00856,4.40170191489361,1.536109,9.440989,9.28620770212765,8.893191,9.957873,hard,danger
1,0,1,straight,straight,opposite_direction,0,0,1,0,0,0,1,29.8293143859649,24.78827,34.86937,4.490871,1.870957,9.284703,28.6661310526315,17.36388,36.62552,normal,danger
1,0,1,straight,stop,same_direction,0,0,0,0,0,0,0,5.24944865226737,2.227135e-05,14.25071,4.54633747853107,0.3420634,9.458998,12.9221653486186,0.007541961,22.96415,hard,danger
1,1,1,turn left,stop,opposite_direction,0,0,1,0,1,1,1,4.11698398296227,1.070738e-07,15.58158,4.74053665269461,1.858087,9.377261,15.0979683233532,13.91952,16.22409,normal,danger
1,1,1,stop,straight,from_left,1,0,1,0,0,0,1,0.227535047400131,4.81832e-07,3.92205,3.21319097405189,1.894674,5.066164,2.20646192878642,0.005632194,4.476313,hard,danger
2,0,1,straight,straight,same_direction,0,0,0,0,0,0,0,32.0323864606741,24.25018,39.81432,4.32811446629213,0.9472566,9.55897,15.6684282022471,13.24927,18.0961,hard,danger
1,1,1,reverse,stop,from_left,0,1,1,0,0,1,1,5.19970730573322,1.391959e-06,21.28334,6.97702943859649,0.0,9.177174,4.20261146182017,0.03416535,7.12232,normal,collision
1,1,1,stop,turn_right,from_left,0,0,0,0,0,0,0,2.52399377287934,0.0001445496,20.83022,1.80731200817995,1.300138,7.074661,0.38953033309411,3.634757e-05,5.399103,hard,danger
1,1,1,straight,straight,same_direction,0,0,0,0,0,0,0,36.172640619469,23.5106,50.00003,4.46586084070796,0.9054928,9.522884,0.0032422856469026,0.0003501806,0.007124136,normal,danger
1,0,1,turn_right,straight,same_direction,0,0,0,0,0,0,0,14.7212423633076,0.0001380716,50.00005,2.53414482473867,0.4198314,9.323407,9.99199757142857,7.582307,11.91965,normal,danger
1,1,1,straight,stop,same_direction,0,1,0,0,0,1,1,0.0780935874159574,0.0001306836,1.804209,4.30380277659574,1.336661,9.475063,36.077509893617,34.99973,37.20236,normal,danger
2,0,1,straight,straight,same_direction,0,0,0,0,0,0,0,49.8159923966942,49.4001,50.00183,4.14219838347107,0.9626675,9.528624,22.7939410743801,21.66084,23.60625,hard,danger
1,1,1,turn left,turn left,from_left,1,0,0,0,1,1,1,5.87517932407407,1.347642,17.22846,4.04371447222222,1.806429,9.463982,10.5344549305555,7.394982,12.50973,hard,danger
1,0,1,straight,straight,same_direction,0,0,0,0,0,0,0,18.0033827469135,8.81515,20.00014,4.97560421604938,1.097113,9.563483,38.6244856172839,6.189211,44.89902,normal,danger
1,0,1,straight,stop,same_direction,0,0,0,0,0,0,0,6.492852729927e-05,6.183511e-05,6.986564e-05,4.4144980729927,1.644185,9.45925,24.5655483211678,23.55808,25.36514,hard,danger
2,0,1,reverse,straight,opposite_direction,0,0,0,0,0,0,0,19.9770654444444,19.87098,20.0113,4.33044803333333,1.353993,9.530975,17.5388116666666,15.17688,19.62477,normal,danger
2,0,1,straight,straight,same_direction,0,0,0,0,0,0,0,49.8153335114503,49.4,50.0015,4.17708298473282,1.025688,9.530634,23.631078091603,21.93115,25.33176,hard,danger
1,0,1,straight,straight,opposite_direction,0,0,0,0,0,0,0,27.3740748529411,23.39992,41.90821,4.10861354411764,1.364226,9.282651,22.0337679411764,21.72359,22.3567,hard,danger
1,1,1,straight,turn_right,same_direction,0,0,0,0,0,1,1,11.8562747601725,0.0006833985,50.0,4.92924508791208,0.0,9.470021,11.6383963736263,10.53254,14.61473,hard,collision
1,0,1,straight,turn_right,from_left,0,0,1,0,0,0,1,26.1704710091743,24.08064,31.86367,3.81635145871559,1.152774,8.918737,1.81715889862385,0.0179848,4.549306,hard,danger
1,0,1,straight,straight,same_direction,0,0,0,0,0,0,0,25.3135447877978,3.265751e-05,50.00001,5.42074608067484,0.911638,8.509166,15.4898501441717,6.191909,39.06768,normal,danger
4,1,0,turn_right,turn left,opposite_direction,0,0,1,0,0,0,1,19.9774346590909,19.86671,20.00012,4.26333727272727,1.2572,9.361427,18.4438545454545,17.84321,19.08295,hard,danger
1,0,1,straight,straight,opposite_direction,0,0,1,0,0,0,1,22.9746115094339,22.84671,23.00015,4.44589288679245,1.727848,9.562479,8.67335199056603,7.221225,11.74222,hard,danger
2,0,1,straight,straight,opposite_direction,0,0,1,0,0,0,1,49.8448287096774,49.39934,50.00842,4.46866830645161,1.710617,9.313997,4.1112459516129,4.057209,4.285669,easy,danger
2,0,1,straight,straight,same_direction,0,0,0,0,0,0,0,48.9078246153846,45.06668,50.00019,4.51768272527472,1.836527,9.470184,11.6027493406593,10.25363,12.85489,hard,danger
2,1,1,turn left,straight,opposite_direction,0,0,0,0,0,1,1,21.9754865656565,21.85333,22.01705,3.03114324280303,0.08084238,7.433967,15.013153560606,12.56513,17.17694,normal,collision
2,1,1,turn_right,straight,from_left,0,0,0,0,0,1,1,49.3812409859155,46.62008,50.00002,4.25029152112676,1.328283,9.321347,10.1474454929577,9.386176,10.82946,hard,danger
2,0,1,straight,straight,same_direction,0,0,0,0,0,0,0,14.4129131403508,8.43639,19.22557,3.77586895964912,0.9376166,7.07528,39.758425614035,39.38319,40.01241,hard,danger
2,0,1,straight,stop,same_direction,0,0,0,0,0,0,0,0.0001573964004273,0.0001550964,0.0001636623,3.20782793589743,1.1325,7.102182,6.72297721794871,5.971056,9.177342,normal,danger
2,1,0,turn left,straight,opposite_direction,0,0,1,1,0,0,1,29.8396064864864,29.4,30.00022,4.27203767567567,1.126023,9.497918,16.8246922972972,15.56293,17.95517,easy,danger
1,1,1,turn left,stop,from_left,0,0,0,0,1,1,1,0.0001123984966866,9.850788e-05,0.0001350736,2.99867436746506,0.3102345,6.865705,4.16935571435129,0.09698969,7.718075,hard,danger
1,0,1,straight,straight,same_direction,0,0,0,0,0,0,0,49.145674787234,45.07995,50.00082,4.15128295851063,0.8907244,9.396249,12.7131414893617,11.17868,14.32638,normal,danger
2,0,1,straight,straight,opposite_direction,0,0,0,0,1,1,1,49.9045186792452,49.61333,50.01273,4.20187449056603,1.030489,9.468681,14.8467137735849,14.64906,15.06031,normal,danger
2,1,1,turn left,straight,from_left,0,0,0,0,0,1,1,26.0274566666666,17.34948,50.00032,3.61270256666666,1.397762,9.457092,12.0489080222222,8.054749,24.15986,easy,danger
1,1,1,straight,straight,from_right,1,1,1,0,0,1,1,2.53769792077464,0.0001339493,9.564127,2.80143727542253,0.08791101,7.148476,9.66267782394366,7.033177,11.72716,normal,collision
4,1,0,turn_right,turn left,opposite_direction,0,0,1,0,0,0,1,19.9617397402597,19.86667,20.00005,4.62478883116883,1.98013,9.424916,22.9949788311688,22.73899,24.86178,hard,danger
2,1,1,straight,straight,opposite_direction,1,0,1,0,0,0,1,28.6254358823529,24.3057,35.47182,4.47679618823529,1.584591,9.290136,10.8196058823529,10.22351,11.887,normal,danger
1,1,1,turn left,straight,opposite_direction,0,1,1,0,0,1,1,0.0001504460019607,0.0001414445,0.0001540792,3.66762434313725,1.810305,7.115864,13.0507808823529,10.7399,14.91785,hard,danger
1,1,1,stop,turn_right,from_left,0,0,1,0,1,0,1,26.0292116438356,23.79561,33.15124,4.09159417671232,0.6306763,8.957755,0.457792862954109,0.0007008073,2.858733,hard,danger
2,0,1,straight,straight,same_direction,0,0,0,0,0,0,0,46.9030353539823,46.68665,47.00106,4.2593380619469,1.341177,9.483182,31.7448634513274,27.06649,37.40944,hard,danger
1,0,1,straight,straight,opposite_direction,0,0,0,0,0,0,0,0.561850634139645,2.248549e-06,6.791047,4.4474077633136,1.85266,9.451961,18.9527749112426,18.41773,19.2063,hard,danger
1,0,1,straight,straight,same_direction,0,0,0,0,0,0,0,19.9362396828752,19.81317,20.00016,4.21119324122621,0.4364927,6.925951,23.0530233615222,14.59926,52.15627,easy,danger
1,0,1,straight,straight,same_direction,0,0,0,0,0,0,0,17.0250695551212,0.0001514559,40.74077,4.23806600076062,0.03627074,9.520072,13.4853528478747,4.012745,27.26467,normal,collision
1,0,1,reverse,straight,same_direction,0,0,0,0,1,0,1,49.4838833870967,44.32362,50.00009,4.34875738709677,1.328243,9.301455,5.80973911290322,4.729584,6.817295,normal,danger
1,0,1,straight,stop,same_direction,0,0,0,0,0,0,0,0.0001629612429319,0.000158844,0.0001667674,3.11062883769633,1.561023,7.140108,13.2969306492146,6.347524,33.62012,normal,danger
1,0,1,turn left,stop,from_left,1,0,1,0,1,0,1,8.3490396741573,6.591659,10.03714,3.57942610112359,1.262708,6.882679,6.72247231460674,4.769687,7.927796,hard,danger
2,0,1,straight,straight,opposite_direction,0,0,0,0,0,0,0,49.8179340886699,49.4,50.0,4.47167456650246,1.728933,9.556403,33.246310591133,31.39398,35.14493,hard,danger
1,0,1,straight,straight,opposite_direction,0,0,0,0,0,0,0,49.8257675925925,49.4,50.00017,4.56962387037037,1.842215,9.468713,12.0424355555555,11.91921,12.17866,hard,danger
1,0,1,straight,stop,same_direction,0,0,0,0,0,0,0,4.34003852941176e-05,3.892132e-05,4.721954e-05,3.83417093048128,0.2638701,9.555552,18.6872501604278,16.35498,20.99755,hard,danger
1,1,1,reverse,turn_right,from_right,0,1,1,0,0,1,1,2.80465698086427,0.001130806,7.97045,1.654574600998,0.0,3.803538,4.30641671896207,0.2419923,6.815312,normal,collision
1,0,1,straight,straight,opposite_direction,0,0,1,0,0,0,1,19.9654749999999,19.86669,20.00007,4.15205288877551,0.8885217,9.510873,15.0089360204081,13.39156,16.71071,hard,danger
2,0,1,straight,straight,same_direction,0,0,0,0,0,0,0,42.3994248863636,34.69317,50.23714,4.70158043181818,1.838572,9.406677,4.53129286363636,4.292348,4.715162,hard,danger
1,1,1,turn_right,stop,opposite_direction,0,1,0,0,0,1,1,6.88978433905579e-05,6.290585e-05,8.737221e-05,3.36707548988669,0.0,9.432381,15.1410374248927,13.23739,53.82674,easy,collision
1,0,1,straight,straight,opposite_direction,0,0,1,0,0,0,1,49.8884158695652,49.53334,50.00003,3.86502843043478,0.6393344,9.165672,24.0765167391304,18.89498,32.7793,hard,danger
1,0,0,straight,straight,opposite_direction,0,0,1,0,0,0,1,19.8535035616438,19.45983,20.00014,4.61434135616438,1.983828,9.357458,25.6265179452054,24.69842,26.72659,easy,danger
2,0,1,straight,straight,same_direction,0,0,0,0,0,0,0,21.9757182524271,21.85347,22.00108,3.329504092233,1.324604,6.851541,30.8140325728155,28.08034,32.87553,hard,danger
2,0,1,straight,straight,same_direction,0,0,0,0,0,0,0,45.259554375,39.17659,50.00045,4.08765629821428,0.3485775,9.474682,14.3210885714285,13.64751,15.10213,hard,danger
1,0,1,straight,stop,same_direction,0,0,0,0,0,0,0,6.24222231440378,7.479104e-05,24.66758,4.96547959797297,1.965268,7.011226,2.44326749455554,7.219754e-05,5.141959,hard,danger
1,0,1,straight,straight,same_direction,0,0,0,0,0,0,0,16.5382207830687,9.244607,20.00003,5.56242239417989,1.027766,9.570947,22.4425305026455,6.189211,44.44603,normal,danger
4,1,0,turn_right,turn left,opposite_direction,0,0,1,0,0,0,1,29.835481060606,29.40001,30.00002,4.4828755,1.779805,9.280605,20.4431412121212,20.27379,20.65131,hard,danger
3,1,1,straight,straight,same_direction,0,0,0,0,0,0,0,43.1905178468899,24.64634,61.82993,4.99393682200956,0.5120888,8.809699,27.1381171770334,24.44723,29.80629,normal,danger
1,0,1,straight,straight,opposite_direction,0,0,0,0,0,0,0,0.214891727101694,0.0001012918,4.772258,4.40298910734463,1.63035,9.510864,18.6811563276836,18.10001,19.2063,hard,danger
1,0,0,straight,stop,opposite_direction,0,0,1,0,0,0,1,4.04842753731343e-05,2.874931e-05,4.679124e-05,3.75349461194029,1.817939,7.143229,23.0893813432835,21.62796,24.55734,hard,danger
1,0,1,straight,straight,same_direction,0,0,0,0,1,1,1,38.6212720277777,3.680988,50.0,3.00407634305555,0.0,9.376133,7.57841304166666,4.948529,8.717825,normal,collision
1,0,1,straight,straight,same_direction,0,0,0,0,0,0,0,49.89225,49.40046,50.00119,4.28339979729729,1.560313,9.394526,6.75452732432432,6.668653,6.822862,easy,danger
2,0,1,straight,straight,opposite_direction,1,0,1,0,0,0,1,11.6083612162162,10.34976,14.19044,4.47452239864864,1.418407,9.480056,11.2762639459459,9.175969,13.18713,hard,danger
3,1,1,straight,straight,same_direction,0,0,0,0,0,0,0,19.9649139234449,19.86667,20.0,3.73275007320574,0.2523708,9.518757,9.18356922488038,6.950845,11.46825,hard,danger
2,0,1,straight,straight,same_direction,0,0,0,0,0,0,0,19.9730744470588,19.86623,20.00305,2.61682652470588,1.585138,7.105484,17.1294821882352,10.26692,23.1127,normal,danger
1,0,1,straight,straight,opposite_direction,0,0,1,0,0,0,1,49.5577999999999,47.68966,50.00071,4.5195899375,1.606746,9.468566,21.7102289583333,21.16899,22.2303,hard,danger
2,0,1,straight,straight,opposite_direction,0,0,1,0,0,1,1,11.4497574227197,0.000223463,25.64018,5.20654667651006,0.9934225,8.014104,2.49184697761744,0.02569102,7.366423,easy,danger
1,0,1,straight,straight,opposite_direction,0,0,0,0,0,1,1,49.9616387179487,49.66001,50.00002,4.20966758974359,1.076145,9.35067,37.7803258974359,37.35888,38.19247,easy,danger
1,0,1,straight,stop,same_direction,0,0,0,0,0,0,0,0.004434137342446,0.0001129628,0.2001176,2.72396964028776,1.340579,7.036427,11.4311179856115,5.969215,24.85993,hard,danger
1,0,1,straight,straight,opposite_direction,0,0,0,0,0,0,0,49.781790409836,49.39995,50.00391,4.15048478688524,1.04321,9.542103,21.5353948360655,16.72883,26.60948,normal,danger
2,0,1,straight,straight,same_direction,0,0,0,0,0,0,0,39.9605149038461,39.73333,40.0,5.04810308173076,1.326919,9.561138,24.3635961057692,14.75461,31.98702,hard,danger
2,0,1,straight,straight,opposite_direction,0,0,0,0,0,0,0,38.5996187234042,36.44394,40.75536,4.1736996,0.9671309,9.431765,33.7719929787234,32.77045,34.87519,normal,danger
1,0,1,straight,turn_right,same_direction,0,0,0,0,0,0,0,12.2584289173553,9.308459,23.51653,2.44019101239669,1.446141,6.884002,6.40036882644628,5.951813,7.614096,normal,danger
1,0,1,straight,straight,same_direction,0,0,0,0,0,0,0,26.9070481481481,26.61937,27.00153,4.44204213888888,1.746037,9.41059,59.0738121296296,55.12796,62.18987,normal,danger
2,1,0,reverse,turn left,from_right,1,0,0,0,0,0,1,24.6319478102189,16.66022,30.00004,3.57326575547445,0.0,9.467976,1.82675977167883,0.07809814,4.093901,hard,collision
1,0,1,straight,straight,opposite_direction,0,0,1,0,0,0,1,49.9054674545454,49.63345,50.0002,4.07952074727272,0.6649969,9.480829,13.4505901818181,12.72521,14.16184,hard,danger
2,1,0,turn left,turn left,opposite_direction,1,0,1,1,0,1,1,29.8525059722222,29.40001,30.00002,4.65847452777777,1.927932,9.545802,15.6133313055555,7.157508,17.60715,hard,danger
1,0,1,straight,straight,opposite_direction,0,0,1,0,0,0,1,39.9950424074074,35.2247,44.76512,4.23133622222222,1.127519,9.334376,22.6784994444444,22.55046,22.8007,easy,danger
2,0,1,straight,straight,same_direction,0,0,0,0,0,0,0,31.9510547941176,31.78668,32.00512,6.46649024411764,1.010032,9.578922,25.855988117647,16.5447,37.99713,hard,danger
1,1,1,stop,stop,same_direction,0,0,0,0,0,0,0,7.80773656449367,4.464977e-05,50.0,2.17119771232876,1.657213,9.480721,0.0014667822832876,2.328773e-05,0.06857596,hard,danger
1,0,1,straight,straight,opposite_direction,0,0,0,0,0,0,0,5.12236353690516,4.812967e-05,11.52313,4.87127689261744,1.977816,9.338658,16.7012770469798,16.47612,17.19493,normal,danger
1,0,1,straight,straight,same_direction,0,0,0,0,0,0,0,8.7391864921875e-05,8.062656e-05,8.871063e-05,4.12991641406249,1.055213,9.442744,26.603187578125,24.20309,28.88798,hard,danger
2,0,1,straight,stop,same_direction,0,0,0,0,0,0,0,8.09960655094339e-05,7.441628e-05,9.781191e-05,4.74322493207547,1.177572,9.566964,12.9429591735849,7.19834,18.57423,normal,danger
1,0,1,straight,straight,same_direction,0,0,0,0,0,0,0,71.8361488888888,67.80752,75.90373,4.27536909259259,1.191705,9.301253,8.73727468518518,8.683804,8.796723,normal,danger
1,0,1,straight,straight,same_direction,1,0,0,0,0,0,1,21.9557270967741,21.85334,22.00007,4.07214774516129,0.7548306,9.506714,59.0207620430107,57.13478,60.82729,hard,danger
1,0,1,straight,straight,opposite_direction,0,0,1,0,0,0,1,19.9863611627906,19.86667,20.00001,4.23276304651162,1.026274,9.552038,20.1380423255813,19.21152,21.02908,hard,danger
1,0,1,straight,straight,same_direction,0,0,0,0,0,0,0,49.920402183908,49.60673,50.00015,4.49503410344827,1.7474,9.423712,11.5533175862068,11.2218,11.88661,hard,danger
1,1,1,straight,straight,from_left,1,1,1,0,0,1,1,2.96868553098781,0.0001446032,24.21458,2.63043366020304,0.06929207,7.73129,8.29493937563451,5.874446,11.82139,normal,collision
1,1,0,turn_right,straight,same_direction,0,0,0,0,0,1,1,11.5346500142857,5.604267,18.492,4.7599696,1.448204,9.433894,37.6973991428571,32.80095,42.323,hard,danger
1,1,1,turn_right,stop,opposite_direction,1,0,1,0,0,1,1,8.43257907749431,0.0001368938,22.62928,4.05584225272727,0.0,9.489045,12.0884073295454,9.81826,15.51571,normal,collision
1,1,1,straight,turn_right,from_left,0,0,1,0,0,1,1,17.1368589937106,14.03291,20.00002,4.40939374150943,0.6599102,9.379494,5.176180148761,0.0006779687,9.488037,hard,danger
1,0,1,straight,straight,same_direction,0,0,0,0,0,0,0,49.8014000877193,49.39989,50.0011,4.43291895614035,1.614571,9.475615,20.1636807017543,17.82182,22.54265,normal,danger
4,1,0,straight,turn left,same_direction,0,0,0,0,0,0,0,19.9700479545454,19.86667,20.0046,5.01515294090909,1.927283,9.510354,6.59604723195454,0.01539119,13.46818,hard,danger
1,0,1,turn left,stop,from_right,0,0,0,0,1,0,1,0.0037578903357142,0.0001416586,0.2881851,2.96492263928571,0.0,6.889935,4.49617023071428,0.2256626,8.014909,hard,collision
1,0,1,straight,straight,opposite_direction,0,0,1,0,0,0,1,19.9598569863013,19.86668,20.00006,4.4180618219178,1.58445,9.359557,26.1288775342465,25.71748,26.48645,easy,danger
2,0,1,straight,straight,same_direction,0,0,0,0,0,0,0,18.5679270301446,6.86343e-05,39.90752,5.12826794474576,0.9737997,9.577836,12.5910645084745,11.40673,13.42967,hard,danger
1,0,1,straight,straight,opposite_direction,0,0,1,0,0,0,1,19.9792057142857,19.8668,20.00044,3.88946208928571,1.555684,7.349623,33.6471048214285,28.23195,41.17137,easy,danger
1,0,1,straight,straight,opposite_direction,0,0,1,0,0,0,1,37.1550303703703,35.80305,38.50702,3.90049044444444,1.357291,6.88923,7.91886925925925,7.283944,8.523638,hard,danger
2,0,1,straight,stop,same_direction,0,0,0,0,0,0,0,0.0001320966340845,0.0001278461,0.0001418728,3.81409089295774,1.324482,9.545641,7.93604678309859,5.971889,10.04438,normal,danger
1,0,1,straight,straight,same_direction,0,0,0,0,0,0,0,19.6391183030303,17.87944,20.00103,4.91558043636363,1.839042,9.535246,30.8761989696969,27.87523,34.68747,hard,danger
1,0,1,straight,straight,same_direction,0,0,0,0,0,0,0,31.0725089449541,13.85915,50.00019,5.35210639908256,1.918302,9.523655,12.9425444954128,12.70384,13.26839,hard,danger
2,0,1,straight,straight,same_direction,0,0,0,0,0,0,0,22.9561562068965,22.84675,23.00137,3.25618925862068,1.380008,7.12569,9.86806434482758,9.506774,10.55561,normal,danger
1,0,1,straight,straight,same_direction,0,0,0,0,0,0,0,21.8306686363636,11.79924,31.49389,3.64830986363636,1.517473,7.274224,17.5573128977272,4.218109,52.46902,hard,danger
1,0,1,straight,straight,same_direction,0,0,0,0,0,0,0,49.8166829608938,49.39993,50.00153,4.13575380446927,1.846704,9.562757,36.2353656424581,25.87271,43.16768,normal,danger
1,1,1,turn left,straight,opposite_direction,0,0,1,0,0,0,1,14.4483699476744,9.755947,20.0,3.86275408604651,0.6409321,9.544309,6.40650902325581,5.060678,9.470869,hard,danger
2,0,1,straight,stop,same_direction,0,0,0,0,0,0,0,0.0001389869986111,0.0001295593,0.0001423011,3.34595959027777,1.412463,7.116355,11.4634127083333,10.57318,13.51179,easy,danger
2,0,1,straight,straight,same_direction,0,0,0,0,0,0,0,15.364004439194,0.000550627,33.02097,2.621848251497,1.152031,6.037655,13.131042257485,5.853749,26.9678,hard,danger
2,1,1,straight,straight,same_direction,0,0,0,0,1,1,1,49.8884873298429,49.63334,50.00381,3.77884220942408,1.558935,7.151882,40.5226734031413,38.24422,42.82452,normal,danger
2,0,1,straight,straight,opposite_direction,1,0,1,0,0,0,1,49.8680048888888,49.4,50.00001,4.65085873333333,1.94479,9.5661,24.3934402222222,24.20055,24.59147,easy,danger
2,0,1,straight,straight,opposite_direction,0,0,1,0,0,0,1,19.9761345871559,19.86667,20.00106,4.61021247706422,1.943776,9.416455,10.4554331467889,9.694987,11.292,easy,danger
1,0,1,straight,straight,same_direction,0,0,0,0,0,0,0,49.8085068862275,49.4,50.00001,4.17399574251497,1.121579,9.555286,29.3988194610778,27.31892,31.43777,normal,danger
2,1,0,turn left,stop,opposite_direction,0,1,1,0,1,1,1,0.0001571704887096,0.0001456203,0.0001643047,4.38843275,1.382426,9.423105,27.6886421774193,25.45228,31.22148,normal,danger
3,0,1,straight,straight,same_direction,0,0,0,0,0,0,0,24.494260625,10.11708,38.95016,4.25893573863636,1.239661,7.087974,7.82149413636363,7.106119,8.53742,hard,danger
1,0,1,straight,straight,same_direction,0,0,0,0,0,0,0,19.8189967164179,19.4264,20.0003,3.96192691977611,0.78547,9.561651,11.7360470522388,10.32944,13.26472,normal,danger
2,1,0,turn left,stop,opposite_direction,0,1,1,0,1,1,1,0.0029998433992592,0.0001087212,0.003631028,4.2649571037037,1.061222,9.491268,26.3508061481481,25.02317,29.00126,normal,danger
1,0,1,straight,stop,same_direction,0,0,0,0,0,0,0,6.6210124325697,0.0001301482,24.11963,4.1659148546798,1.221294,9.53782,11.2705436108374,6.553121,15.95828,normal,danger
1,0,1,straight,straight,same_direction,1,0,0,0,0,0,1,13.9399869565217,12.12,15.75997,3.50239042391304,1.943463,7.167575,34.2424891304347,33.38441,34.89121,hard,danger
2,0,1,straight,straight,same_direction,0,0,0,0,0,0,0,49.8041815384615,49.46,50.00001,3.35488675824175,1.101351,7.102847,31.0267698901098,30.20055,31.83423,hard,danger
2,0,1,straight,straight,same_direction,0,0,0,0,0,0,0,19.9769562025316,19.86675,20.0011,4.57743245991561,1.561201,9.564635,10.9017191983122,10.81112,11.09001,hard,danger
2,0,1,straight,straight,opposite_direction,0,0,1,0,0,0,1,49.8994649056603,49.4003,50.00339,4.5483148490566,1.798661,9.433523,13.2196066037735,13.18707,13.24659,normal,danger
1,0,1,straight,straight,same_direction,0,0,0,0,0,0,0,19.550593114754,18.42801,20.0,3.08879818032786,1.274622,6.961095,47.5114047540983,42.52333,54.65388,hard,danger
2,0,1,turn left,straight,opposite_direction,0,0,1,0,0,0,1,49.8042907142857,49.4,50.0,4.32970945238095,1.236819,9.539809,32.2126695238095,31.76217,32.67832,easy,danger
4,1,0,turn_right,turn left,opposite_direction,0,0,1,0,0,0,1,29.954346491228,29.76703,30.01117,3.61051219298245,1.38062,6.954759,20.166726491228,19.46158,20.79328,hard,danger
1,0,1,straight,stop,same_direction,1,0,0,0,0,0,1,0.750146088680612,0.0001403737,5.880154,4.73137491836734,1.911134,9.570989,17.6640467857142,17.45803,18.01933,normal,danger
1,0,1,stop,straight,same_direction,0,0,0,0,0,0,0,6.74276840197155,0.0001474406,23.47736,3.44022027507331,0.0,7.05721,8.37135456979472,0.105446,16.12733,normal,collision
1,1,1,straight,turn_right,from_left,0,0,1,0,0,0,1,10.3239954801444,9.777134,12.79113,3.95840174043321,0.8787801,9.392458,0.318925146371841,0.002236957,1.910521,hard,danger
3,1,1,stop,turn_right,same_direction,0,0,0,0,0,0,0,6.58481867895227,3.287165e-05,20.19604,2.39822874092009,1.046325,7.214796,0.231222525491767,0.0001803162,1.957205,easy,danger
1,0,1,straight,stop,same_direction,0,0,0,0,0,0,0,6.15971659259259e-05,5.889058e-05,6.504732e-05,3.27263203703703,1.48372,7.112846,25.9420714814814,25.8213,26.00399,hard,danger
1,0,1,straight,straight,same_direction,0,0,0,0,0,0,0,5.06423956074766e-05,4.952163e-05,5.776631e-05,4.54746125233644,1.855568,9.509976,31.163754859813,29.54257,32.68005,hard,danger
2,0,1,straight,straight,opposite_direction,0,0,1,0,0,0,1,32.3455743589743,27.10713,37.58525,4.43962399999999,1.503385,9.412501,10.854787051282,10.24492,14.00211,easy,danger
2,0,1,straight,straight,same_direction,0,0,0,0,0,0,0,0.211633175062505,5.889058e-07,6.14659,3.53072121609195,1.851071,7.128255,10.1293969241379,5.943573,33.76166,hard,danger
2,0,1,straight,straight,same_direction,0,0,0,0,0,0,0,49.8251371538461,49.40033,50.00095,4.44553716923077,1.241067,9.569466,36.273684076923,32.57521,40.07993,hard,danger
2,0,1,straight,straight,opposite_direction,0,0,1,0,0,0,1,49.88631,49.44699,50.00125,4.52693378947368,1.791041,9.255166,37.5947481578947,36.63923,38.59484,hard,danger
1,1,1,turn_right,stop,opposite_direction,1,0,1,0,0,1,1,7.50590023575908,2.896346e-05,15.84,4.39733958169934,1.224495,9.17462,14.2006899346405,12.24172,15.83206,normal,danger
2,1,0,turn_right,turn left,opposite_direction,0,0,1,1,0,0,1,29.83616175,29.39992,30.00175,3.2903057775,0.8628371,6.981947,9.922101525,9.840858,10.00609,easy,danger
1,0,1,straight,stop,from_right,1,0,0,0,1,0,1,0.0009049344925548,7.554055e-05,0.1510404,2.78758524837524,0.0,6.602963,5.33381259740519,0.2216901,9.826713,hard,collision
1,1,1,straight,stop,same_direction,0,0,0,0,0,0,0,5.43830037030252,1.557923e-05,18.84011,2.79775072721311,0.0,7.054032,9.60081430397049,0.007541961,22.96415,hard,collision
1,0,1,straight,straight,opposite_direction,0,1,1,0,0,1,1,13.6132311166666,9.802905,15.80775,3.46650088333333,1.443989,7.132837,17.4492871666666,16.65377,18.24317,normal,danger
2,0,1,straight,straight,same_direction,0,0,0,0,0,0,0,24.8228278947368,24.39997,25.0042,4.11646054263157,0.8955626,9.549861,6.6739325368421,5.904951,7.585506,hard,danger
2,0,1,straight,straight,opposite_direction,0,0,1,0,0,0,1,19.9587187735849,19.86669,20.00042,4.64832416981132,1.966433,9.483497,11.3999149056603,10.10446,12.41368,normal,danger
1,0,0,straight,stop,same_direction,0,0,0,0,0,0,0,0.0001514394155844,0.0001314331,0.0001808476,3.80727011385281,0.7385163,9.547592,10.2641269740259,9.477772,11.93031,normal,danger
3,0,1,straight,straight,same_direction,0,0,0,0,0,0,0,19.3452646073298,16.12002,20.00166,5.03856462827225,1.027787,7.192964,17.5308264397905,11.49717,25.34796,hard,danger
2,0,1,turn left,straight,opposite_direction,0,0,1,0,1,0,1,11.0114703148148,4.517524,27.13388,3.91345812962962,1.365464,9.301791,21.39351,20.31491,22.32441,hard,danger
2,0,1,straight,straight,same_direction,0,0,0,0,0,0,0,49.8396024666666,49.4,50.00001,4.16279625333333,1.578069,9.518237,33.3869837999999,31.38306,35.16018,hard,danger
2,0,1,straight,turn_right,same_direction,0,0,0,0,0,0,0,1.12724996148135,8.212559e-05,5.360576,4.68012194117647,1.837122,9.572925,8.37293543438914,5.332726,11.88583,hard,danger
