real_risk,lanes,is_intersection,is_two_way_street,bike_maneuver,vehicle_maneuver,maneuver_direction,sidewalk_climbs,running_red_light,drive_opposite_direction,bad_roundabout,driving_between_lanes,crossings_without_priority,vehicle_speed_max,bike_speed_max,level
2,2,1,1,3,4,0,0,0,0,0,0,0,50,8.51913,2
2,4,1,0,3,3,3,0,0,0,0,0,0,22.3716,10.9225,1
2,1,1,0,4,1,1,0,0,0,0,1,1,0.000171961,5.91487,1
2,3,1,0,4,4,3,1,0,0,1,1,1,10.1105,11.4371,2
2,4,1,0,3,3,0,0,0,1,0,1,0,30,7.53654,1
2,4,1,0,0,3,0,0,0,1,1,1,0,20.0048,7.21136,1
2,1,0,1,2,2,2,0,0,0,0,0,0,21.0001,7.51285,2
2,1,1,1,3,2,2,0,0,0,0,0,0,27.0001,16.8485,0
2,1,0,1,2,2,3,0,0,0,0,0,0,50,2.64127,0
2,1,1,1,2,1,1,1,0,1,0,0,1,6.991,12.255,1
1,3,0,1,2,1,2,0,0,0,0,0,0,0.0001158,33.9669,2
2,2,0,1,2,2,3,0,0,0,0,0,0,29.3116,34.2039,1
2,2,1,1,3,2,0,0,0,1,0,1,1,42,10.8656,1
1,1,0,1,2,2,2,0,0,1,0,0,0,50.0015,6.72223,0
2,1,0,1,2,2,2,0,0,0,0,0,0,4.32015,25.9468,1
1,2,0,1,3,2,1,0,0,1,0,1,1,70,6.39139,1
2,1,0,1,2,2,2,0,0,0,0,0,0,20.0001,13.4612,2
2,1,0,1,1,1,3,0,0,0,0,0,0,27.0129,5.34603,2
0,4,1,0,3,3,0,0,0,1,1,1,0,30,11.0836,1
2,1,1,1,2,1,3,0,0,0,0,0,0,9.98485,7.86696,1
2,3,0,1,2,2,3,0,0,0,0,0,0,75.9998,10.5458,1
1,1,1,1,2,1,1,0,0,0,0,0,0,2.45734e-05,39.3095,0
2,1,0,1,2,2,2,0,0,1,0,0,0,50.0001,16.3611,1
2,1,0,1,2,2,2,0,0,0,0,0,0,3.13217,18.8491,1
2,2,0,1,2,2,3,0,0,0,0,0,0,30.0134,21.6663,1
1,2,0,1,2,2,3,0,0,0,0,0,0,33.021,26.9678,1
2,2,1,1,2,2,2,0,0,0,0,0,0,29,45.6433,2
2,2,1,1,4,1,3,0,0,0,0,0,0,9.19228e-05,20.0158,2
2,1,0,1,2,4,0,0,0,0,0,0,0,32.6831,3.40617,1
1,2,1,1,3,4,3,0,0,1,0,1,1,15.3655,23.6719,1
2,1,1,1,4,1,2,0,0,0,0,0,0,9.54013,24.8262,1
2,1,0,1,2,2,2,0,0,0,0,0,0,50.0003,15.8582,1
2,1,0,1,2,2,3,0,0,0,0,0,0,20.0001,30.8415,1
1,2,1,0,4,3,2,0,0,1,1,0,0,30.0018,10.0061,0
2,1,1,1,2,4,3,0,1,0,0,0,1,20.0004,43.167,0
1,3,0,1,2,2,3,0,0,0,0,0,0,50,25.348,1
1,1,0,1,3,2,2,1,0,1,0,0,0,60,10.8076,2
2,2,1,0,3,1,2,0,0,1,1,0,0,0.00182849,26.6684,0
1,1,0,1,2,2,3,0,0,0,0,0,0,50.0011,22.5426,2
1,2,1,1,2,2,3,0,1,0,0,1,1,50.0127,27.6654,2
2,1,1,1,2,2,0,0,0,0,0,0,1,26,13.9583,1
2,2,1,1,2,2,3,0,0,0,0,0,0,29.2998,22.7733,1
1,1,0,1,2,2,2,0,0,1,0,0,0,50.0001,26.0232,2
1,4,1,0,4,3,2,0,0,1,0,0,0,20,28.8082,1
2,2,0,1,2,2,3,0,0,0,0,0,0,32.3589,8.60982,1
1,1,1,1,2,1,3,0,1,0,0,0,1,1.80421,37.2024,2
2,1,0,1,2,1,3,0,0,0,0,0,0,17.062,0.0100281,1
0,1,0,1,2,4,3,0,0,0,0,0,1,12.65,12.4089,2
1,1,1,1,2,4,0,0,0,1,0,0,1,20,9.48804,1
2,1,1,0,4,2,3,1,0,0,0,0,1,39.7007,15.9622,2
2,4,1,0,2,3,2,0,0,1,1,0,0,20.9161,6.4344,1
2,2,0,1,2,2,3,0,0,0,0,0,0,15.297,12.5401,1
0,1,0,1,0,2,3,0,0,0,0,1,0,50.0008,9.25238,2
2,4,1,0,4,4,3,0,0,0,1,0,1,30.0003,24.0412,1
2,1,0,1,2,1,3,0,0,1,0,0,0,0.000135823,16.0335,1
2,1,0,1,2,2,3,0,0,0,0,0,0,50.0001,4.90873,2
2,4,1,0,3,3,0,0,0,0,1,1,1,30.0001,11.4971,1
2,1,1,1,2,2,3,0,0,0,0,0,0,19.4229,15.1237,1
2,1,1,1,2,1,1,0,1,1,0,0,1,0.000151509,13.6178,2
1,2,0,1,2,2,2,1,0,1,0,0,0,21.4202,8.08627,1
1,1,0,1,2,2,2,0,0,1,0,0,0,50.0002,16.2509,1
2,2,0,1,2,2,3,0,0,0,0,0,0,38.2562,32.8755,1
2,1,1,1,2,1,1,0,0,0,0,0,0,1.62217e-05,39.5599,0
2,2,1,1,3,2,0,1,0,1,0,0,1,53.013,3.18084,1
2,1,1,1,2,3,3,0,0,0,0,0,0,14.6112,38.9819,0
2,1,0,1,2,2,3,0,0,1,0,0,0,50,25.7754,2
2,2,1,1,4,2,0,0,0,0,0,0,0,49.0036,17.4598,0
2,1,0,1,2,2,2,0,0,1,0,1,0,20.0006,25.1144,0
1,1,0,1,2,2,3,0,0,0,0,0,0,20,54.6539,1
1,1,0,1,2,2,3,0,0,0,0,0,0,20.0003,56.3792,0
2,1,0,1,2,2,2,0,0,0,0,0,0,50,23.1284,2
2,4,1,0,3,3,0,0,0,1,0,0,0,18.72,9.73317,1
2,2,1,1,3,2,3,0,0,0,0,0,1,50,16.2388,1
1,2,1,0,3,3,2,1,0,1,1,0,1,30,17.6072,1
2,2,0,1,0,2,3,1,0,0,0,0,0,20.0045,9.42243,2
2,1,1,1,3,1,2,0,1,1,0,1,1,6.34948e-05,14.2905,0
1,1,1,1,3,2,2,0,0,1,0,0,0,20,9.47087,1
2,1,0,1,2,2,3,0,0,0,0,0,0,49.1401,52.4469,1
1,2,0,1,2,2,3,0,0,0,0,0,0,20.0003,12.1433,1
2,1,1,1,1,3,1,0,0,0,0,0,0,35.8737,6.5295,2
1,2,0,1,2,1,3,0,0,0,0,0,0,0.000103165,11.3353,2
2,2,0,1,2,2,3,0,0,0,0,0,0,24.0002,23.4835,1
1,3,0,1,2,1,3,0,0,0,0,0,0,38.6443,25.5313,1
0,1,1,1,0,4,1,0,1,1,0,0,1,7.97045,6.81531,2
2,4,1,0,3,3,3,0,0,0,0,0,0,26.0461,21.4998,1
2,1,1,1,2,1,2,0,1,0,0,0,1,0.000128114,21.6621,2
2,2,0,1,2,2,3,0,0,0,0,0,0,62.3086,25.9355,1
2,1,0,1,4,4,2,1,0,1,0,0,0,32.2386,11.2421,2
2,3,1,0,4,4,3,1,0,0,1,1,1,14.9964,11.2011,2
2,1,1,1,2,1,0,0,1,1,0,0,1,0.000155257,13.6178,2
1,1,0,1,2,2,2,0,0,1,0,0,0,20.0005,28.3157,2
2,1,1,1,0,2,0,0,0,0,0,1,0,20,6.46858,1
2,1,1,1,3,2,2,0,0,0,0,0,0,13.6636,17.8147,1
1,4,1,0,4,3,2,0,0,1,0,0,0,30,29.5884,1
2,2,0,1,2,2,2,0,0,0,0,0,0,50,14.5254,1
2,1,0,1,2,2,3,1,0,0,0,0,0,17.4544,4.08838,1
2,1,0,1,2,2,3,0,0,0,0,0,0,7.31994,34.0222,1
1,2,0,1,1,2,3,0,0,0,0,1,0,20.0044,3.77304,2
2,2,1,0,3,2,2,0,0,1,1,0,1,0.00591866,16.4101,0
2,1,1,0,4,1,3,0,0,0,0,0,1,8.26831e-06,32.3527,2
2,1,0,1,2,1,3,0,0,1,0,0,0,0.000135823,10.7153,1
1,2,0,1,2,2,3,0,0,0,0,0,0,25.0033,8.13268,1
2,3,0,1,2,2,3,0,0,0,0,0,0,23.223,14.7965,1
1,1,1,1,1,4,0,0,0,1,0,0,0,40.8326,6.01926,1
2,1,0,1,2,2,2,0,0,0,0,0,0,27.1259,9.83428,1
2,2,0,1,2,2,2,1,0,1,0,0,0,20.0006,21.6741,0
2,1,1,1,2,4,0,0,0,1,0,0,1,15.0312,0.736754,1
0,1,1,1,2,1,1,0,1,1,0,0,1,7.53552,26.4893,2
2,1,1,1,2,1,2,0,1,0,0,0,1,5.05924e-05,44.6978,1
0,1,0,1,2,2,3,0,0,0,0,0,1,40.9516,18.9304,2
2,1,0,1,0,2,3,1,0,0,0,0,0,50,5.20643,1
2,1,1,1,2,2,1,0,1,1,0,0,1,20.5357,38.9412,2
1,1,0,1,2,1,3,0,0,0,0,0,0,0.200118,24.8599,1
2,2,0,1,2,2,2,0,0,1,0,1,0,50,29.4937,0
2,2,1,1,1,2,0,0,0,0,0,0,0,13.459,5.67001,2
2,2,1,0,4,4,3,0,0,0,0,0,1,50.0129,6.93059,2
1,1,0,1,2,1,2,0,0,1,0,0,0,20,23.8195,1
2,1,1,1,4,1,1,1,1,0,0,0,0,17.1002,20.1552,2
2,2,0,1,2,2,3,0,0,0,0,1,0,20,15.8763,2
2,4,1,0,2,3,1,1,0,0,0,1,0,30.0005,7.2893,1
2,3,0,1,2,2,2,0,0,1,0,0,0,73.0027,45.5633,0
2,1,0,1,2,2,3,0,0,0,0,0,0,20,43.2014,1
1,4,1,0,1,3,3,0,0,0,0,1,0,47.4546,4.08303,1
2,2,0,1,2,2,3,0,0,0,0,0,0,50.0005,2.54264,1
2,1,1,1,2,2,2,0,0,0,0,0,1,2.97665e-05,14.1824,1
2,1,0,1,2,2,2,0,0,0,0,0,0,19.2887,13.4522,2
2,2,1,1,2,2,3,0,0,0,0,0,0,50.0082,11.6212,1
0,3,0,1,2,2,3,0,0,0,0,0,0,39.0294,14.0038,1
2,1,0,1,4,2,1,0,0,0,0,1,1,11.9785,16.5765,2
2,1,0,0,2,2,2,0,0,1,0,0,0,50,25.9932,1
2,2,0,1,2,2,2,0,0,1,0,0,0,50.006,11.0505,2
2,1,0,1,1,1,1,0,0,0,0,1,0,25.5886,5.23322,1
2,1,0,1,2,2,2,0,0,0,0,0,1,20,54.0937,0
2,1,0,0,2,1,3,0,0,0,0,0,0,15.4311,10.3718,2
1,3,1,1,2,2,3,0,0,0,0,1,0,77.7085,24.0203,2
2,4,1,0,1,3,0,1,0,0,0,0,0,30,4.66096,1
1,1,1,1,2,4,0,0,0,1,0,0,0,14.829,2.12682,1
2,1,1,1,3,2,3,0,0,0,0,0,1,24.0003,58.7241,1
2,1,1,1,2,2,0,0,0,1,0,0,1,31,15.3071,1
2,1,0,1,2,2,2,0,0,0,0,0,0,50,23.9245,1
2,2,0,1,2,2,3,0,0,0,0,0,0,58.3441,10.9536,1
2,1,1,1,2,2,0,0,0,0,0,0,1,7.77208,7.72769,1
2,1,1,1,0,1,1,0,1,1,0,0,1,4.12815,7.12232,2
1,1,0,1,2,2,3,0,0,0,0,0,0,50.0002,14.4874,0
2,2,0,1,3,2,2,0,0,1,0,1,0,17.572,18.546,1
2,1,1,1,1,2,3,0,0,1,0,0,0,0.000121636,5.41513,1
2,2,1,1,4,2,3,0,0,0,0,0,1,37.6766,33.707,1
1,2,0,1,2,2,3,0,0,0,0,0,0,50.1187,15.5664,1
2,1,0,1,2,2,3,0,0,0,0,0,0,50.0004,22.3267,1
1,2,0,1,1,2,3,0,0,0,0,1,0,31.6168,4.61302,2
0,1,1,1,1,4,3,0,0,0,0,0,0,21.546,7.72769,1
2,2,0,1,2,2,2,0,0,1,0,0,0,22.5665,12.8127,2
0,1,1,0,4,4,3,0,0,0,0,0,1,18.2156,42.323,1
2,1,0,1,2,2,2,0,0,0,0,0,0,21.0002,8.72478,2
2,1,0,1,1,3,2,0,0,1,0,1,0,30,5.76294,2
2,2,0,1,2,2,3,0,0,0,0,0,0,50.0017,17.7632,1
2,1,0,1,2,2,2,0,0,0,0,0,0,42.8283,25.0255,1
2,3,0,1,2,2,3,0,0,0,0,1,0,77.0004,18.5334,1
2,1,1,0,4,4,3,0,0,0,0,0,1,18.492,42.323,1
2,1,0,1,2,2,3,0,0,0,0,0,0,20,13.382,2
2,1,0,1,3,3,3,0,0,1,0,0,0,5.60972,15.7718,2
2,2,1,1,2,2,3,0,0,0,0,0,1,26.4793,18.3602,2
1,2,0,1,2,2,3,0,0,0,0,0,0,50.0015,25.3318,1
1,1,0,1,2,2,3,0,0,0,0,0,0,50.0008,14.3264,2
2,1,1,1,3,2,3,0,0,0,0,1,1,20.0004,7.76644,1
1,2,0,1,2,2,3,0,0,0,0,0,0,60.0057,34.7161,1
1,4,1,0,4,3,2,0,0,1,0,0,0,30.0017,20.9006,1
1,2,1,1,3,2,3,0,0,0,0,0,1,50.0017,16.1321,1
2,1,1,1,2,1,1,0,0,0,0,0,0,0.000159915,19.477,1
2,2,1,1,4,4,3,0,0,0,1,1,1,19.6111,10.5211,2
1,1,0,1,2,1,3,0,0,0,0,0,0,0.000176136,24.4555,1
2,3,0,1,2,2,3,0,0,0,0,0,0,41.1645,6.60289,1
2,1,0,1,2,1,2,0,0,0,0,0,0,0.00143859,26.4071,1
2,1,1,1,0,1,1,0,1,1,0,0,1,6.69303,7.12232,2
2,3,1,1,4,4,3,0,0,0,0,0,0,22.1945,13.048,1
2,2,1,1,2,2,3,0,0,0,0,0,0,21.6922,16.126,1
2,1,0,0,2,2,2,0,0,1,0,0,0,34.0002,8.16641,0
2,2,0,1,2,2,3,0,0,0,0,0,0,33.1321,13.7241,1
2,1,0,1,2,2,2,1,0,0,0,0,0,9.02818,12.9807,2
2,1,0,1,2,2,3,0,0,0,0,0,0,20.0001,25.3425,0
1,2,0,1,2,2,3,0,0,0,0,0,0,22.0011,32.8755,1
2,3,0,1,2,2,3,0,0,0,0,0,0,68.3085,6.60289,1
1,1,0,1,1,1,0,0,0,0,0,1,0,0.000476425,5.23322,1
2,1,1,1,1,4,3,0,0,0,0,0,0,11.3681,0.000229624,1
2,1,0,1,2,2,2,0,0,0,0,0,0,8.6896,22.7109,1
2,2,1,1,2,2,3,0,0,0,0,1,1,50.0019,40.456,2
1,1,0,1,2,1,3,0,0,0,0,0,0,9.56169e-05,10.0046,2
2,2,0,1,2,2,2,0,0,0,0,0,0,34.8768,17.6196,2
2,1,1,1,2,1,0,0,1,1,0,0,1,4.38753,15.2791,2
2,1,1,1,2,1,0,0,1,1,0,0,1,3.68331,13.6178,2
2,1,1,1,1,1,0,1,0,1,0,0,0,50.0144,6.51851,1
2,2,1,1,2,4,2,0,1,0,0,1,1,27.7667,9.53553,2
1,2,0,1,2,1,3,0,0,0,0,0,0,9.78119e-05,18.5742,2
0,1,1,1,4,1,2,0,1,0,0,0,1,7.85296,55.596,0
2,2,1,1,3,2,2,0,0,1,0,1,0,22,8.88149,2
2,1,0,1,3,3,3,0,0,1,0,0,0,15.0552,9.92616,2
1,1,0,1,2,2,3,0,0,0,0,0,0,20.0002,13.2647,2
1,2,0,1,0,2,2,0,0,0,0,1,0,22.0014,7.04187,0
2,1,0,1,2,2,3,0,1,1,0,0,1,14.94,12.3098,2
2,1,0,1,2,2,3,0,0,1,0,0,0,20.0001,13.4252,2
2,1,1,1,4,1,1,1,1,0,0,0,0,4.68016,20.2815,2
1,2,0,1,2,2,3,0,0,0,0,0,0,50.0019,10.8843,1
2,2,0,1,2,1,3,0,0,0,0,0,0,0.00201868,11.2379,2
2,1,1,1,0,1,1,0,1,1,0,0,1,7.91507,6.81531,2
0,1,1,1,1,4,3,0,0,0,0,0,0,17.5691,7.72769,1
2,1,0,1,2,2,3,0,0,0,0,0,0,40.067,24.7789,1
2,3,0,1,2,2,3,0,0,0,0,0,0,42.1015,15.3724,1
2,1,0,1,2,2,3,1,0,0,0,0,0,56.9178,13.6069,2
2,1,1,1,1,3,0,0,0,1,0,1,0,10.4223,8.53432,1
2,1,0,1,2,1,3,0,0,0,0,0,0,50.0001,16.4173,1
2,1,0,1,2,2,2,0,0,1,0,0,0,19.9995,43.8139,0
0,2,1,1,2,4,3,0,0,0,1,1,1,26.6072,16.1679,2
2,2,1,1,1,2,0,0,0,0,0,0,0,28.4906,0.0153437,2
2,3,1,1,3,2,3,0,0,0,0,1,0,34.3481,8.8163,1
2,2,0,1,2,2,2,1,0,1,0,0,0,50,23.2595,0
2,4,1,0,4,3,2,0,0,1,0,0,0,20.5048,22.7977,1
2,2,1,0,3,3,0,0,0,1,1,1,1,20,12.1445,1
2,1,0,1,2,2,3,0,0,0,0,0,0,50.0004,33.5853,2
1,2,1,1,3,2,3,0,0,0,0,1,1,43.1819,16.2142,2
2,4,1,0,4,3,2,0,0,1,0,0,0,30.0004,13.782,1
2,1,0,1,4,1,3,0,0,0,0,0,0,10.0802,10.3671,2
0,1,1,1,4,1,2,1,0,1,0,0,1,22.6293,15.5157,2
2,2,0,1,2,2,3,0,0,0,0,0,0,51.5923,18.0056,2
2,4,1,0,4,3,3,0,0,0,0,0,0,19.5254,18.918,1
2,4,1,0,3,3,3,0,0,0,0,0,0,30.013,21.7484,1
1,1,1,1,2,2,1,1,1,1,0,0,1,9.56413,11.7272,2
2,2,0,1,2,2,2,0,0,0,0,0,0,20.0003,15.1197,1
2,1,1,1,1,1,3,0,0,0,0,0,0,26.7044,8.68391,1
2,1,0,1,2,2,2,0,0,0,0,0,0,47.0002,25.7372,1
0,1,1,0,4,1,2,0,0,1,0,1,1,0.000187968,13.1284,1
1,1,1,1,1,1,3,0,0,0,0,0,0,50,0.068576,1
2,2,1,1,3,2,2,0,0,1,0,1,0,22,8.88149,2
2,2,1,0,3,3,1,1,0,0,0,0,0,30,3.46963,1
2,2,0,1,1,2,2,0,0,0,0,1,0,13.3364,5.058,2
2,2,0,1,0,2,3,1,0,0,0,0,0,20.011,8.1407,0
2,1,1,1,2,1,0,0,0,1,0,0,0,10.4361,13.4685,2
2,2,1,1,3,2,2,0,0,0,0,0,0,50.0006,16.0923,1
1,2,1,1,3,2,3,0,0,0,0,0,1,43.4698,12.7283,1
1,1,0,1,2,2,3,0,0,0,0,0,0,50.0015,43.1677,2
2,4,1,0,3,3,3,0,0,0,0,0,0,30.0001,14.4262,1
2,2,1,1,4,2,0,0,0,0,0,0,1,50.0144,12.4091,1
1,1,0,1,3,3,0,0,0,0,0,0,1,33.7319,0.00412275,0
1,3,0,1,2,2,3,0,0,0,0,0,0,20.0034,41.7054,1
2,1,1,1,2,2,2,0,0,0,0,0,0,50.0036,17.9161,0
2,1,0,0,2,3,3,1,0,0,0,0,0,30,14.4277,2
1,1,0,1,2,2,3,0,0,0,0,0,0,50.0003,13.1101,1
1,2,1,1,3,2,0,0,0,0,0,0,1,50.0003,24.1599,0
2,2,0,1,2,2,3,0,0,0,0,0,0,20.0003,45.4208,1
1,1,0,1,2,2,2,0,0,0,0,0,0,50,18.6379,2
2,1,0,1,2,2,2,0,0,0,0,0,0,2.52,17.3998,2
2,1,0,1,2,2,2,0,0,0,0,0,0,25,51.3201,1
1,1,0,1,2,2,3,0,0,0,0,0,0,20.001,34.6875,1
2,4,1,0,3,3,2,0,0,1,1,1,0,20.0004,13.7504,1
1,1,1,0,4,1,2,0,0,1,0,1,1,0.000118745,10.9043,1
2,2,0,1,2,2,2,0,0,0,0,0,0,50.0144,12.9255,2
0,2,1,1,4,4,3,0,0,0,0,1,0,50,6.23419,2
2,4,1,0,3,3,3,0,0,0,0,0,0,30.0004,17.7734,1
2,1,0,1,2,2,3,0,0,0,0,0,0,15.1222,18.6952,1
1,1,1,1,3,2,2,0,1,1,0,0,1,0.000154079,14.9178,1
2,1,0,1,2,2,3,0,0,0,0,0,0,49.998,6.82879,0
2,1,0,1,2,2,2,0,0,0,0,0,0,28,50.3551,0
2,1,0,1,0,2,3,0,0,0,0,0,0,50.0005,5.6176,2
1,3,1,1,1,4,3,0,0,0,0,0,0,10.0395,1.99366,0
2,1,0,1,2,2,2,0,0,0,0,0,0,22,50.0361,1
2,4,1,0,3,3,1,0,0,0,0,1,0,25.0002,6.0223,1
1,1,0,1,2,2,2,0,0,0,0,0,0,19.9667,12.8893,0
1,1,0,1,2,2,2,0,0,1,0,0,0,23.0002,11.7422,1
2,2,0,1,2,2,2,0,0,1,0,0,0,50.0066,34.9438,1
2,2,0,1,2,2,2,0,0,1,0,0,0,32.1318,37.8412,1
1,1,0,0,2,1,2,0,0,1,0,0,0,0.000153116,28.2056,1
2,3,1,1,2,2,0,0,0,0,0,0,1,52,51.0481,2
1,2,0,1,2,1,3,0,0,0,0,0,0,0.000142301,13.5118,0
2,1,0,0,2,1,3,0,1,0,0,0,0,0.000182454,29.7802,2
2,2,0,1,2,2,3,0,0,0,0,0,0,9.26188e-05,12.3617,1
2,1,0,1,2,2,3,1,0,0,0,1,0,11.9301,4.134,1
2,2,0,1,2,2,3,0,0,0,0,0,0,45,23.2473,1
2,1,0,1,2,2,2,0,0,0,0,0,0,20.0003,18.5316,1
2,1,1,1,2,1,2,0,1,1,0,0,1,5.43982,17.2388,2
2,2,0,1,2,2,3,0,0,0,0,0,0,20.0072,14.885,1
2,2,0,1,2,2,2,0,0,1,0,0,0,54.3062,17.4283,1
2,1,1,1,2,1,0,1,0,1,0,0,1,49.5549,1.89726,1
2,1,1,1,2,2,2,0,1,1,0,0,1,20,16.6268,2
2,1,0,1,2,2,3,0,0,1,0,0,0,20.0001,5.71069,2
1,2,0,1,2,2,3,0,0,0,0,0,0,25.0042,7.58551,1
2,2,0,1,2,1,3,0,0,0,0,0,0,0.000150278,6.39089,2
1,2,1,0,3,2,2,0,0,1,1,0,0,30.0002,17.9552,0
1,3,1,1,4,2,3,0,0,0,0,0,1,57.3819,25.3682,1
2,1,0,0,3,1,3,0,0,0,1,0,1,0.00502613,13.6621,2
2,1,1,1,2,2,0,1,1,1,0,0,1,15.3053,11.8214,2
2,1,0,1,2,2,2,0,0,0,0,0,0,44.8921,62.9474,2
2,1,0,1,2,2,2,0,0,0,0,0,0,39.4233,41.2753,2
2,1,1,1,1,1,3,0,0,0,0,0,0,21.7801,0.000377396,1
2,1,0,1,2,2,2,0,0,0,0,0,0,50.0014,5.58749,0
1,1,0,1,3,3,3,0,0,1,0,0,1,30.0001,9.56291,2
2,1,0,1,2,2,2,0,0,0,0,0,0,3.40313,18.8175,2
2,1,0,1,2,2,3,0,0,1,0,0,0,20.0001,20.0759,2
2,4,1,0,4,3,2,0,0,1,0,0,0,30,22.2667,1
0,1,0,1,2,2,3,0,0,0,0,0,0,50.0003,29.9657,2
1,3,1,1,3,2,3,0,0,0,0,0,1,57.0013,19.1799,0
2,1,1,0,4,1,2,0,0,1,0,1,1,2.43593e-05,6.99211,1
2,2,1,0,4,3,2,0,0,1,1,0,0,30.0125,15.6474,1
1,2,1,0,3,4,3,0,0,1,1,0,1,3.19971,23.2122,1
2,2,1,1,3,2,0,0,0,0,0,0,0,3.55205,14.649,1
2,1,0,1,2,2,3,0,0,0,0,0,0,20.0001,48.5823,0
1,2,0,1,2,2,3,0,0,0,0,0,0,32.0004,26.9678,1
1,1,0,1,2,1,2,0,0,1,0,0,0,6.73415,14.1568,2
2,3,1,1,4,3,3,0,0,0,1,1,1,30.0122,17.9934,2
1,1,0,1,2,2,3,0,0,0,0,0,0,20,44.446,2
1,1,0,1,2,2,3,0,0,0,0,0,0,50,39.0677,2
2,1,0,1,2,2,2,0,0,0,0,0,0,20.0001,26.7754,1
2,4,1,0,3,3,3,0,0,0,0,0,0,52.4535,19.623,1
2,1,1,1,2,1,1,1,0,0,0,0,0,25.001,18.5025,0
2,3,0,1,2,2,3,0,0,0,0,0,0,77.7567,8.33281,1
2,2,0,1,2,2,2,0,0,0,0,1,0,50.0006,23.1912,1
2,1,0,1,2,2,2,0,0,0,0,0,0,29.383,11.6905,1
2,1,0,1,2,2,2,0,0,1,0,1,0,60.0003,9.37758,1
2,1,0,1,2,2,2,0,0,0,0,0,0,50.001,55.8984,2
2,1,0,1,2,2,2,0,0,0,0,0,0,43.1178,25.2026,1
2,4,1,0,4,3,2,0,0,1,0,0,0,10.608,10.8985,1
2,1,1,1,0,2,2,0,0,1,0,0,0,26.0449,5.60651,2
2,1,1,1,2,1,1,0,0,0,0,0,0,9.59381e-05,15.6937,1
1,1,0,1,2,2,2,0,0,0,0,0,0,24,40.6976,0
1,2,0,1,0,2,2,0,0,0,0,0,0,20.0113,19.6248,2
2,4,1,0,0,3,0,0,0,1,1,1,0,20.0103,7.20985,1
1,2,0,1,2,2,3,0,0,0,0,0,0,49.4448,12.3328,2
2,2,1,1,2,2,3,0,0,0,0,0,0,20.0024,23.0939,2
2,1,0,1,2,2,3,0,0,0,0,0,0,3.38725,10.9777,2
2,1,0,1,0,2,2,0,0,1,0,0,0,11.1862,5.27979,2
1,1,0,1,2,2,2,0,0,0,0,0,0,11.9201,24.0292,1
2,1,1,1,2,1,2,0,1,0,0,0,0,15.1591,19.1043,0
1,2,0,1,2,1,3,0,0,0,0,0,0,0.000142515,11.773,0
0,4,1,0,1,3,1,1,0,0,0,1,0,30.0004,6.59152,1
2,1,1,1,2,1,3,0,1,0,0,0,1,50.011,7.21674,2
1,1,0,1,2,2,3,0,0,0,0,0,0,50.0144,38.2203,2
2,2,0,1,2,2,3,0,0,0,0,0,0,22.0899,26.9678,1
2,1,0,1,2,1,3,0,0,0,0,0,0,8.39994e-05,5.86768,1
2,1,0,1,2,4,2,0,0,0,0,0,0,37.2127,6.39514,2
2,2,0,1,4,2,2,1,0,1,0,0,0,50.0021,10.5604,1
1,1,0,1,2,2,2,0,0,1,0,0,0,31.0002,28.4469,0
2,4,1,0,3,3,2,0,0,1,1,1,0,20.6701,4.19163,1
1,1,0,1,2,1,3,0,0,0,0,0,0,8.9246e-05,26.004,1
2,1,0,1,2,2,2,0,0,0,0,0,0,50.0001,1.38544,1
1,1,0,1,2,1,3,0,0,0,0,0,0,0.000158362,16.0598,1
2,2,0,1,2,2,3,0,0,0,0,0,0,50.0093,20.562,1
1,2,0,1,1,2,3,0,0,0,0,1,0,27.0073,1.2475,2
2,2,0,1,2,2,3,0,0,1,0,0,0,70.0088,21.9106,0
2,1,0,1,3,3,3,0,0,1,0,0,0,8.0613,12.8671,2
1,4,1,0,2,3,3,0,0,0,0,0,0,20.0046,13.4682,1
1,2,0,1,2,2,3,0,0,0,0,0,0,25.0009,9.86139,1
2,2,1,1,2,2,2,0,0,0,0,0,0,20.0001,46.7019,2
1,1,0,1,2,2,2,0,0,0,0,0,0,20.0002,23.3416,0
2,1,0,1,2,2,2,0,0,0,0,0,0,50.0013,5.62247,0
2,2,1,1,3,2,3,0,0,0,0,0,1,22,12.5376,2
2,2,0,1,2,2,3,0,0,0,0,0,0,40.8311,9.84974,1
2,4,1,0,1,3,0,1,0,0,0,0,0,18.5037,4.66096,1
2,4,1,0,4,3,2,0,0,1,0,0,0,30.0022,22.3497,1
2,1,0,1,2,2,2,0,0,0,0,0,0,50.0005,6.22458,0
1,1,0,1,2,1,3,0,0,0,0,0,0,3.02483e-05,37.6343,2
2,3,0,1,2,2,3,0,0,0,0,0,0,37.2988,15.1493,1
2,1,0,0,2,2,2,0,0,1,0,0,0,50.0001,38.0885,0
1,1,1,1,1,4,3,0,0,0,0,0,0,24.8401,0.535565,1
1,1,0,1,2,1,3,0,0,0,0,0,0,4.72195e-05,20.9976,1
2,2,0,1,2,2,3,0,0,0,0,0,0,50,19.4814,2
2,1,0,1,2,2,3,0,0,0,0,0,0,50.0003,12.5713,2
1,2,0,1,2,2,3,0,0,0,0,0,0,40,31.987,1
2,2,0,1,2,2,2,0,0,1,0,0,0,50.001,29.2247,1
2,2,0,1,2,2,2,0,0,1,0,0,0,50.012,30.0629,1
2,4,1,0,4,3,2,0,0,1,0,0,0,24.4123,21.6855,1
2,1,0,1,2,1,3,0,0,0,0,0,0,32.0001,5.86768,1
2,2,0,1,2,2,2,0,0,0,0,1,0,49.9589,45.8017,0
2,2,1,1,3,1,2,0,0,0,0,0,1,0.00342973,26.7869,2
2,1,1,1,3,3,3,0,0,1,0,0,1,0.000162859,13.4911,1
2,2,1,1,1,4,3,0,0,0,0,1,1,20,3.77187,2
1,2,0,1,2,2,2,0,0,1,0,0,0,20.0004,12.4137,2
2,1,1,1,4,3,1,0,1,0,0,1,1,30.0252,33.3775,0
1,2,0,1,2,2,3,0,0,0,0,0,0,31.9113,8.60982,1
0,1,1,1,2,1,3,0,0,0,0,0,0,18.8401,22.9642,1
1,1,0,1,2,4,3,0,0,0,0,0,0,23.5165,7.6141,2
1,1,1,1,1,4,0,0,0,0,0,0,0,20.8302,5.3991,1
2,2,0,1,2,2,3,0,0,0,0,0,0,25.004,8.13268,1
2,1,1,1,2,4,0,0,0,1,0,0,0,10.0349,2.58587,1
2,1,0,0,3,3,2,1,0,1,0,1,1,10.039,20.5707,1
1,1,0,1,2,2,3,0,0,0,0,0,0,32.0001,13.381,1
2,1,0,1,2,2,3,0,0,1,0,1,0,20.217,16.3723,2
2,2,1,1,1,4,0,0,0,0,0,0,0,10.4552,5.52206,1
1,2,0,1,2,2,3,0,0,0,0,0,0,45.0182,15.5807,2
1,2,0,1,2,2,3,0,0,0,0,0,0,50.0003,8.0876,1
2,1,0,1,2,2,2,0,0,0,0,0,0,22.2462,14.5805,1
1,1,1,1,4,1,2,0,0,0,0,0,0,7.24015,22.3382,1
1,2,0,1,2,1,3,0,0,0,0,0,0,0.000110554,16.6822,2
2,2,0,1,2,4,3,0,0,0,0,0,0,24.3057,9.06379,1
1,2,0,1,2,1,3,0,0,0,0,0,0,8.34105e-05,19.5795,2
2,3,1,1,4,2,0,0,0,0,0,1,0,20.0148,10.7788,0
2,4,1,0,3,3,3,0,0,1,0,1,0,50,4.17202,1
2,2,1,1,3,2,0,0,0,0,0,0,1,0.00271277,16.1321,1
1,1,0,1,0,2,3,0,0,0,0,1,0,50.0001,6.81729,2
0,1,1,1,2,1,0,1,0,1,0,0,1,0.883239,7.01193,1
2,1,0,1,2,2,2,0,0,0,0,0,0,7.31112,22.6398,2
2,2,0,1,2,2,3,0,0,0,0,0,0,21.9997,32.9112,1
2,1,0,1,2,2,2,0,0,0,0,0,0,50.0014,5.34218,0
2,1,0,1,2,2,3,0,0,0,0,0,0,11.0399,8.98776,1
2,2,1,1,2,2,2,0,0,0,0,0,0,50.0128,10.2032,2
2,4,1,0,4,3,2,0,0,1,0,0,0,27.7442,21.6769,1
1,1,0,1,2,2,3,0,0,0,0,0,0,20.0001,43.054,2
1,1,0,1,2,2,2,1,0,0,0,0,0,20,9.99059,0
2,2,0,1,1,2,3,0,0,0,0,1,0,43.0054,4.20461,2
2,1,0,1,2,4,2,0,0,0,0,0,0,31.4397,42.2996,0
2,1,0,1,2,2,3,0,0,0,0,0,0,20,54.6394,1
1,2,0,1,2,2,2,0,0,1,0,0,0,50.0014,13.5148,0
1,1,0,1,2,2,3,0,0,0,0,0,0,20.8116,33.6201,2
2,1,0,1,2,2,2,0,0,1,0,0,0,50,35.3024,2
2,1,0,0,2,3,3,0,0,0,0,0,0,30.0032,9.13853,2
2,1,1,1,2,1,1,1,1,0,0,0,1,20.0046,15.3065,0
1,2,0,1,2,2,3,0,0,0,0,0,0,13.6959,19.0165,1
2,1,0,1,2,1,3,0,0,0,0,0,0,9.47068e-05,9.28629,2
2,1,1,1,4,1,1,1,1,0,0,0,0,7.52104,20.7139,2
1,2,0,1,2,4,2,0,0,1,0,0,0,0.00549004,14.6617,2
2,3,1,1,4,2,3,0,0,0,0,1,1,80.0008,15.9364,1
1,4,1,0,3,3,0,0,0,0,1,1,1,30.0062,7.36142,1
2,1,0,1,0,2,3,0,0,1,0,1,0,50,4.52775,0
1,2,0,1,3,2,3,0,0,0,0,1,0,66.0052,11.9401,2
1,2,0,1,2,2,2,0,0,0,0,1,1,50.0127,15.0603,2
1,1,0,1,2,2,3,0,0,0,0,0,0,28.8002,52.469,1
2,1,1,1,1,2,3,0,0,0,0,0,0,0.000179081,3.92488,2
2,1,0,0,2,3,3,0,0,0,0,0,0,30.0029,16.3466,2
2,1,0,1,2,2,2,0,0,0,0,0,0,60,21.9697,1
2,1,0,1,2,2,2,0,0,0,0,1,0,10.0132,15.9189,2
2,1,0,1,2,2,3,0,0,0,0,0,0,20.0164,25.3425,0
2,1,1,0,4,1,3,0,0,0,0,0,1,30.0048,34.4238,2
1,1,0,1,2,2,3,0,0,0,0,0,0,40.7406,8.25576,2
2,2,0,1,2,2,3,0,0,0,0,0,0,20.0001,40.0799,1
2,1,0,1,2,2,2,0,0,0,0,0,0,50.0001,23.3378,1
2,1,0,1,2,2,2,0,0,0,0,0,0,60,26.6448,1
2,2,0,1,2,2,3,0,0,0,0,0,0,50,18.1981,2
2,1,1,1,0,1,1,0,1,1,0,0,1,10.1682,5.60154,2
1,1,0,1,2,2,2,0,0,1,0,0,0,50,32.7793,1
2,3,1,1,4,4,0,0,0,0,0,0,0,58.5398,5.60651,1
2,2,0,1,2,2,3,0,0,0,0,0,0,23.1821,15.0046,1
2,3,0,1,2,1,3,0,0,0,0,0,0,80.0001,25.3682,1
2,1,1,1,1,1,2,1,0,1,0,0,0,0.721448,8.62329,1
2,1,0,1,2,2,3,1,0,0,0,0,0,17.6787,4.08838,1
2,2,0,1,2,2,3,1,0,0,0,0,0,50.0066,6.34938,0
1,1,0,1,2,2,3,0,0,0,0,0,0,50,25.0416,2
2,4,1,0,3,3,0,0,0,1,1,1,1,20,13.1192,1
2,1,0,1,2,1,2,0,0,0,0,1,1,1.1671e-05,24.0198,2
1,2,1,1,4,2,3,0,0,0,1,1,1,20.0087,49.0609,0
2,1,0,1,2,2,2,0,0,1,0,0,0,29.4743,14.3236,1
2,1,0,1,2,2,2,0,0,0,0,0,0,48.7782,14.0445,1
2,1,0,1,2,2,3,0,0,0,0,0,0,50.0008,36.807,1
2,2,0,1,2,2,3,0,0,0,0,0,0,24.0047,33.8303,1
1,1,0,1,2,2,3,0,0,0,0,0,0,40.0002,14.7432,1
1,1,1,1,2,4,0,0,0,1,0,0,1,19.0711,8.06588,1
1,2,0,1,3,2,2,0,0,1,0,0,0,50,32.6783,0
2,4,1,0,4,3,2,0,0,1,0,0,0,21.1487,17.979,1
2,1,1,1,4,2,1,0,1,0,0,0,1,24.1932,38.8923,2
1,2,0,1,2,1,3,0,0,0,0,0,0,0.000163662,9.17734,2
2,1,0,1,3,1,1,0,0,0,0,1,0,50.0008,5.97938,1
2,2,0,1,2,2,2,1,0,1,0,0,0,61.5991,0.118342,1
2,1,0,1,2,2,2,0,0,0,0,0,0,50.0007,77.0382,0
2,1,0,1,3,1,0,1,0,1,0,1,0,16.4996,14.1574,1
2,1,1,1,2,4,0,0,0,1,0,0,0,50.0127,2.12682,1
2,2,0,1,2,1,3,0,0,0,0,0,0,0.000140963,6.19911,2
1,1,0,1,4,2,2,0,0,1,0,1,0,50.0142,26.1794,0
0,1,1,1,2,1,0,1,0,1,0,0,1,0.234116,11.8167,1
2,2,1,1,1,3,0,0,0,0,0,0,0,5.67491e-05,11.0212,2
2,1,0,1,2,2,2,0,0,0,0,0,0,50,28.6005,1
2,3,0,1,2,2,3,0,0,0,0,1,1,80.0006,18.618,1
2,4,1,0,3,3,3,0,0,0,0,0,0,30.0001,22.5053,1
1,1,0,1,2,2,3,1,0,0,0,0,0,22.0001,60.8273,1
2,3,1,0,4,4,3,1,0,0,1,1,1,17.4567,11.2011,2
1,2,1,0,4,3,2,0,0,1,1,0,0,30,13.0308,1
1,1,1,1,2,4,0,0,0,1,0,0,1,17.4717,6.02185,1
2,2,0,1,0,2,3,1,0,0,0,0,0,50.0003,8.20926,1
1,2,0,1,2,2,3,0,0,0,0,0,0,39.9075,13.4297,1
1,1,0,1,2,1,3,0,0,0,0,0,1,14.4421,51.5592,0
2,2,0,1,2,2,3,0,0,0,0,1,0,20.0005,19.3551,1
2,2,0,1,2,2,3,0,0,0,0,0,0,24.9991,8.28384,1
1,1,0,1,2,2,2,0,0,1,0,0,0,38.507,8.52364,1
2,1,1,1,0,1,0,0,1,1,0,0,1,7.94414,7.12232,2
1,1,0,1,2,2,2,0,0,0,0,0,0,6.79105,19.2063,1
2,1,0,1,3,1,3,0,0,0,0,1,1,6.41372e-05,6.19135,2
2,3,1,1,1,4,3,0,0,0,0,0,0,14.7883,0.837649,0
2,3,1,0,4,4,3,1,0,0,1,1,1,30.0459,9.4667,2
0,1,0,1,3,1,1,0,0,0,0,1,0,0.288185,8.01491,1
2,4,1,0,3,3,3,0,0,0,0,0,0,30,16.0653,1
1,2,0,1,2,1,3,0,0,0,0,0,0,9.2137e-05,13.6836,2
2,4,1,0,3,3,3,0,0,0,0,0,0,30.012,21.3477,1
2,1,1,1,3,3,3,0,0,1,0,0,1,0.000167892,13.5138,1
2,1,1,1,2,1,0,0,1,1,0,0,1,5.44003,26.4893,2
2,3,1,1,2,2,3,0,0,0,0,0,0,80,32.7404,2
2,1,0,1,2,2,3,0,0,0,0,0,0,20.0002,52.1563,0
2,1,0,1,2,2,2,0,0,0,0,0,0,50.0003,14.5993,2
1,2,0,1,2,1,3,0,0,0,0,0,0,1.07331e-06,11.3353,2
2,1,0,0,2,2,2,0,0,1,0,0,0,50.0002,28.6358,0
1,1,0,1,2,1,2,0,1,0,0,0,1,9.13875e-05,15.7962,0
0,1,0,1,2,1,1,1,0,0,0,1,0,0.15104,9.82671,1
2,4,1,0,4,3,2,0,0,1,0,0,0,30.0001,19.9096,1
2,2,0,1,2,2,3,0,0,0,0,0,0,31.9054,33.2437,1
1,2,0,1,2,2,2,0,0,1,0,0,0,37.5853,14.0021,0
2,2,0,1,0,2,3,0,0,1,0,0,0,30.1424,7.38784,0
1,1,0,1,2,2,3,0,0,0,0,0,0,20.0005,47.9672,0
2,1,1,1,1,1,2,1,0,1,0,0,0,25.7291,0.0227084,1
1,1,0,1,2,1,3,0,0,0,0,0,0,6.50473e-05,26.004,1
1,4,1,0,4,3,0,0,0,1,0,0,0,20,10.1722,1
2,1,0,1,2,2,2,0,0,0,0,0,0,14.0036,10.5196,2
1,2,0,1,2,2,3,0,0,0,0,0,0,50.0127,26.851,1
2,2,0,1,1,2,3,0,0,0,0,1,0,50.0026,0.0846198,2
1,1,0,1,2,2,3,0,0,0,0,0,0,50.0002,13.2684,1
2,3,0,1,2,2,3,0,0,0,0,0,0,63.6195,6.658,1
2,1,0,1,2,2,2,0,0,0,0,0,0,49.9995,17.4825,2
1,2,1,1,3,2,3,0,0,0,0,0,1,50.002,16.0071,1
2,3,0,1,2,2,2,0,0,0,0,0,0,31.0046,10.1496,2
2,1,0,1,2,2,2,0,0,0,0,0,0,20.0001,8.30324,0
2,4,1,0,4,3,2,0,0,1,0,0,0,30.0005,23.43,1
2,1,0,1,2,2,3,0,0,0,0,0,0,32.0003,12.7279,1
1,2,1,1,2,2,2,1,0,1,0,0,0,35.4718,11.887,2
2,2,1,0,3,2,2,0,0,1,0,0,0,30,24.8013,0
2,2,1,1,4,2,2,0,0,1,0,1,1,50,19.0418,2
1,1,0,1,2,1,3,0,0,0,0,0,0,0.000148297,33.6201,2
2,4,1,0,4,3,2,0,0,1,0,0,0,30.0001,19.1255,1
2,3,1,1,2,2,3,0,0,0,0,1,0,3.96021,23.2574,2
0,1,1,1,2,3,1,0,1,0,0,0,1,50.3058,43.1025,2
1,1,0,1,2,2,2,0,0,0,0,0,0,26.0002,4.74955,2
1,2,1,1,2,4,3,0,0,0,0,0,0,50.0144,11.0768,1
2,2,1,0,3,1,2,0,0,1,1,0,0,0.00489954,24.6501,0
2,4,1,0,3,3,2,0,0,1,1,0,1,30.0004,1.59706,1
2,1,1,1,4,1,2,1,0,1,0,0,1,2.89635e-05,15.6094,2
2,2,1,0,3,3,2,1,0,1,1,0,1,30,16.1083,1
2,2,0,1,2,2,3,0,0,0,0,1,0,20,29.099,2
2,4,1,0,4,3,2,0,0,1,0,0,0,29.9998,19.7383,1
2,1,0,1,2,2,1,1,0,1,0,1,0,7.91925,2.83638,1
1,1,0,1,2,4,3,0,0,0,0,0,0,12.8008,14.758,1
2,1,0,1,3,2,3,1,0,1,0,1,0,49.0004,3.65827,1
1,1,0,1,2,4,3,0,0,0,0,0,0,20,35.3758,1
2,1,0,1,2,2,2,0,0,0,0,0,0,7.54814,14.0737,2
2,1,1,1,1,2,0,1,0,1,0,0,0,6.72016,0.85022,1
2,1,0,1,3,2,3,1,0,0,0,0,0,50,26.5357,0
0,3,1,1,4,4,3,0,0,0,0,0,1,15.4483,64.305,1
2,1,0,1,0,1,3,0,0,1,0,1,0,25.1231,5.37404,0
2,4,1,0,1,3,2,0,0,1,1,0,0,30.0077,4.99128,1
1,2,1,0,4,3,2,1,0,1,1,0,0,20,8.33746,1
2,1,0,1,4,2,2,1,0,0,0,0,0,31.0001,23.7148,0
1,1,0,1,2,2,2,0,0,0,0,0,1,50,38.1925,0
2,2,1,1,2,2,3,0,0,1,0,0,0,50.0001,19.8504,2
2,2,0,1,3,2,2,0,0,1,0,1,0,22.1477,23.1129,1
2,1,0,1,2,2,2,1,0,1,0,0,0,50,10.0997,1
2,1,0,1,2,2,2,1,0,1,0,0,0,24.8516,14.5037,2
2,1,0,1,2,2,2,0,0,0,0,0,0,50.0015,5.47409,0
2,3,0,1,2,2,3,0,0,0,0,1,1,56.0124,23.3809,1
1,1,1,1,2,2,3,0,0,0,0,0,0,39.1363,20.3026,1
2,1,1,1,2,1,1,0,1,1,0,0,1,2.62989,13.6178,2
2,2,1,1,3,2,0,0,0,0,0,0,1,24.0005,14.3922,1
2,2,0,1,2,2,3,0,0,0,0,0,0,50.0014,29.1117,1
1,1,1,1,3,1,2,0,0,1,0,1,1,15.5816,16.2241,2
2,1,0,0,2,2,2,0,0,1,0,0,0,50,26.5693,1
2,2,1,1,2,2,2,0,0,1,0,0,1,50.001,16.4949,2
1,1,0,1,2,2,2,0,0,1,0,0,0,41.003,9.56146,1
2,1,1,1,1,2,0,1,0,1,0,0,0,15.3151,1.44022,1
1,2,0,1,2,2,3,0,0,0,0,0,0,8.60338e-05,15.0046,1
1,1,1,1,3,3,3,0,0,1,0,0,1,20,11.6224,1
1,3,0,1,2,2,2,0,0,1,0,0,0,50.1068,58.8913,0
2,1,0,1,2,2,2,1,0,1,0,0,0,39,13.4636,2
2,4,1,0,4,3,2,0,0,1,0,0,0,24.3203,19.2794,1
2,1,0,1,2,2,2,0,0,1,0,0,0,2.21107e-05,23.6086,1
2,2,1,1,3,2,0,0,0,0,0,0,1,4.10816,16.1321,1
2,2,1,1,2,2,0,0,0,0,0,0,0,50.0002,6.77889,2
2,1,0,1,2,2,2,0,0,0,0,0,0,30.0001,39.3846,1
2,2,0,1,2,2,2,0,0,0,0,1,0,33.8532,29.9252,2
2,2,0,1,2,2,3,0,0,0,0,0,0,49.9995,46.1674,1
1,2,1,1,1,2,3,0,0,0,0,1,0,50.0001,0.257833,2
2,1,0,1,2,2,2,0,0,0,0,0,0,50.0004,28.7327,1
2,2,0,1,0,2,3,1,0,0,0,0,0,25.001,7.23646,1
2,1,0,1,3,1,3,0,0,0,0,1,1,50.0001,3.72277,2
2,2,1,0,3,3,2,1,0,1,1,0,0,30,17.6072,1
2,1,0,0,2,2,2,0,0,1,0,0,0,50,34.9543,1
2,2,0,1,2,2,3,0,0,0,0,0,0,37.0001,22.2589,1
2,1,0,1,2,2,2,0,0,0,0,0,0,50.0001,33.3996,0
2,2,0,1,2,2,2,0,0,1,0,0,0,46.4281,37.4629,1
2,1,1,1,2,1,1,0,1,1,0,0,1,3.74991,14.3499,2
2,1,0,1,2,2,3,0,0,0,0,0,0,50.0004,11.729,2
1,2,0,1,2,2,2,0,0,1,0,0,0,50.0001,27.5155,1
1,2,0,1,2,2,3,0,0,0,0,0,0,50,31.8342,1
2,1,0,1,2,1,0,1,0,1,0,1,0,0.000148886,11.9966,1
2,2,0,1,2,2,3,0,0,0,0,0,0,52.869,7.95056,1
2,2,1,0,4,3,2,0,0,1,1,0,0,30,13.0391,1
2,1,0,1,3,1,2,0,0,1,0,1,1,7.70931e-05,42.1035,2
2,2,0,1,2,2,3,0,0,0,0,0,0,25.0008,8.91347,1
2,2,0,1,2,2,3,0,0,0,0,0,0,50.0019,29.5578,1
1,1,0,1,2,2,2,0,0,1,0,0,0,42.6157,22.8713,0
2,2,0,1,2,2,3,0,0,0,0,0,0,50,30.9712,1
2,3,1,1,4,2,3,0,0,0,0,1,1,75.4791,17.4787,1
2,1,0,1,2,2,2,0,0,0,0,1,0,51.0001,42.9778,1
1,1,1,1,4,2,1,0,1,0,0,0,1,14.2112,20.3364,2
2,2,0,1,2,2,3,0,0,0,0,0,0,9.24582e-05,11.4301,1
1,1,0,0,2,2,2,0,0,1,0,0,0,20.0001,25.9465,0
2,1,1,1,3,1,0,0,0,0,0,1,1,20.0003,7.71807,1
2,1,1,1,3,2,0,0,0,0,0,1,0,49,2.18864,1
2,4,1,0,4,3,2,0,0,1,0,0,0,20.0047,11.5375,1
2,1,0,1,2,2,2,0,0,0,0,0,0,25.0001,11.7045,1
2,1,1,1,3,1,2,0,1,1,0,1,1,0.000144657,14.2733,0
2,1,0,1,2,2,2,0,0,0,0,0,0,36.0033,10.2022,0
2,1,1,1,1,1,3,0,0,0,0,0,0,50,0.000668707,1
1,2,0,1,0,2,3,0,0,1,0,0,0,20.0085,7.24573,0
2,1,0,1,2,2,2,0,0,0,0,0,0,50.0002,12.6451,2
2,2,1,0,0,1,3,0,0,0,0,0,0,0.000143265,4.53967,1
2,2,0,1,2,2,3,0,0,0,0,0,0,50.0007,20.2637,1
2,2,0,1,2,1,3,0,0,0,0,0,0,0.000106617,10.864,0
1,1,0,1,2,2,3,0,0,0,0,0,0,27.0015,62.1899,2
2,2,1,1,2,2,3,0,0,0,0,0,0,13.3771,11.699,1
2,3,0,1,2,2,2,0,0,0,0,0,0,26.0017,9.98763,2
2,2,1,1,3,2,3,0,0,0,0,0,0,49.2977,22.1236,1
2,2,0,1,0,2,2,0,0,0,0,0,0,23.0047,15.4975,2
2,3,1,1,3,2,2,0,0,0,0,0,1,9.15409,12.9828,0
2,1,0,1,2,2,2,0,0,0,0,0,0,37.0001,11.1928,2
2,4,1,0,3,3,3,0,0,0,0,0,0,30.0089,22.1153,1
2,2,0,1,2,2,2,0,0,0,0,0,0,50.0012,12.7721,2
2,1,1,1,1,1,3,0,0,0,0,0,0,0.000173406,0.0234904,1
2,1,1,0,4,1,1,0,0,0,0,1,1,0.0001718,5.45475,1
1,2,0,1,2,2,3,0,0,0,0,0,0,50,17.3053,2
2,2,0,1,4,3,2,0,0,0,0,0,0,33.624,23.4332,1
1,1,0,1,2,2,2,0,0,1,0,0,0,20.0001,26.2821,0
2,1,0,1,2,2,2,0,0,0,0,0,0,48.3731,20.9819,1
1,2,0,1,2,2,2,0,0,1,0,0,0,20.0011,11.292,0
2,2,1,0,4,3,2,0,0,1,1,0,1,19.087,16.7672,2
2,1,0,1,2,2,2,0,0,0,0,0,0,50.0001,22.6134,1
1,1,1,1,1,4,0,0,0,1,0,1,0,32.7349,2.85873,1
2,2,1,0,3,2,3,0,0,0,1,1,1,54.5284,34.4898,0
2,2,0,1,2,2,2,0,0,1,0,0,0,65.7735,13.2304,1
2,2,0,1,0,2,3,0,0,1,0,0,0,19.9888,6.86841,0
2,1,1,1,1,4,3,0,0,0,0,0,0,23.7533,0.535565,1
2,2,0,1,3,3,3,0,0,0,0,0,0,50,24.7639,1
2,1,0,1,2,1,2,0,0,0,0,0,0,0.000148404,26.4071,1
1,2,0,1,2,2,3,0,0,0,0,0,0,50,14.9996,1
2,2,0,1,2,1,2,0,0,0,0,0,0,0.000131594,32.678,2
2,2,0,1,2,2,3,0,0,0,0,0,0,21.6708,25.0654,1
2,1,1,1,2,1,3,0,0,0,0,0,0,0.00456568,1.73942,1
1,1,0,1,0,1,1,1,0,0,0,1,0,20.8826,7.0441,1
1,4,1,0,3,3,0,0,0,0,1,1,1,30,8.70892,1
2,3,1,0,4,4,3,1,0,0,1,1,1,17.4566,11.2011,2
2,2,0,1,4,2,2,0,0,1,0,0,0,50,42.3322,2
1,1,0,1,1,2,3,0,0,0,0,1,0,50,0.0113163,2
2,3,1,1,4,3,3,0,0,0,1,1,1,30,24.9004,2
2,1,0,1,2,2,3,0,0,1,0,0,0,20.0001,14.0663,2
2,1,0,1,2,2,2,0,0,0,0,0,0,20.0005,25.8441,0
2,2,1,1,2,2,3,0,0,0,0,0,0,50,9.8861,1
2,4,1,0,3,3,1,0,0,0,0,1,0,15.5191,7.59792,1
2,2,0,1,2,2,3,0,0,0,0,0,0,40,14.7523,1
2,1,1,1,1,1,3,0,0,0,0,0,0,0.720141,6.68773,2
2,2,1,0,4,4,3,0,0,0,0,0,1,50.0011,12.5684,2
2,1,0,1,2,2,3,0,0,0,0,0,0,20.0002,52.1563,0
1,1,0,1,2,1,3,0,0,0,0,0,0,6.98656e-05,25.3651,1
2,2,1,0,3,1,2,0,0,1,1,0,1,0.080892,17.2062,0
1,2,0,1,2,2,3,0,0,0,0,0,0,19.2256,40.0124,1
2,1,1,1,3,2,3,0,1,1,0,0,1,8.57384,10.7091,1
2,2,0,1,0,2,3,0,0,1,0,1,1,30.2489,9.48853,2
1,3,0,1,2,2,3,0,0,0,0,0,0,20.0017,25.348,1
2,1,1,1,2,1,0,1,0,1,0,0,1,8.41065e-05,7.01193,1
2,2,1,1,2,4,1,0,0,0,0,0,0,10.9921,9.8861,1
2,1,1,1,4,1,2,0,0,0,0,0,0,12.0602,23.5523,1
2,1,0,1,2,1,2,0,0,0,0,0,0,9.2718,20.7732,1
2,2,0,1,2,2,3,0,0,0,0,0,0,20.001,32.7241,1
1,2,0,1,2,2,2,0,0,1,0,0,0,50.0132,10.0579,2
2,1,1,1,2,1,1,0,1,1,0,0,1,7.04615,15.4432,2
2,1,1,1,2,1,0,0,0,1,0,0,1,2.58048e-05,28.3122,0
2,4,1,0,4,3,2,0,0,1,0,0,0,21.3924,22.9216,1
2,1,0,1,2,1,3,0,0,0,0,0,0,8.73722e-05,12.4431,2
2,1,0,1,2,2,2,0,0,0,0,0,0,0.000110768,22.8768,2
2,2,0,1,2,2,3,0,0,0,0,0,0,44.3506,9.84974,1
2,4,1,0,4,3,2,0,0,1,0,0,0,30.0113,22.6689,1
2,2,1,0,4,1,3,0,0,0,0,0,0,8.15863e-07,11.1024,2
2,2,1,1,4,2,2,0,0,1,0,1,1,20.0005,18.6765,2
2,1,1,1,2,3,1,0,1,0,0,0,1,9.85079e-06,44.1354,1
1,1,0,1,2,2,2,0,0,0,0,0,0,4.77226,19.2063,1
2,2,1,1,3,2,0,0,0,0,0,1,1,20,7.82343,2
1,3,0,1,2,2,3,0,0,0,0,0,0,78.2839,16.5635,0
1,2,0,1,2,2,2,0,0,0,0,1,0,20.0007,25.4645,2
2,1,0,1,2,2,2,0,0,1,0,0,0,50.0001,17.0563,1
1,1,0,1,0,2,3,0,0,0,0,1,0,23.756,5.60311,2
1,1,0,1,2,2,2,0,1,1,0,0,1,15.8078,19.1278,2
1,4,1,0,4,3,2,0,0,1,0,0,0,22.3557,21.3476,1
2,2,0,1,2,2,2,0,0,1,0,0,0,50.001,18.9067,0
2,2,1,1,3,1,2,0,0,0,0,0,1,8.16118e-06,26.9352,2
2,3,0,1,2,1,3,0,0,0,0,0,0,57,25.5313,1
2,2,1,0,3,1,2,0,1,1,0,1,1,0.000140909,30.1223,2
2,1,1,1,2,1,3,0,0,0,0,0,0,8.97606,3.17609,1
1,1,0,0,2,3,3,0,0,0,0,0,0,30.0003,14.0891,2
2,1,0,1,2,2,3,0,0,0,0,0,0,37.0003,24.651,1
2,3,1,1,2,2,3,0,0,0,0,1,0,66.0494,22.5861,2
2,1,0,1,2,1,3,0,1,0,0,0,1,8.96743e-05,42.3405,0
1,4,1,0,4,3,2,0,0,1,0,0,0,21.8,10.8985,1
1,1,0,1,2,2,2,0,0,1,0,0,0,42.3233,24.7047,0
1,1,0,1,2,2,3,0,0,0,0,0,0,16.1494,40.0806,1
2,1,1,1,1,4,0,0,0,0,0,0,0,3.45848e-05,6.08054,1
2,2,0,1,2,2,3,0,0,0,0,0,0,50,23.2965,1
2,2,1,0,4,4,3,0,0,0,0,0,1,49.9554,5.92604,2
2,1,0,1,2,1,2,0,0,1,0,0,0,8.19724,13.5496,2
2,1,1,1,3,1,2,0,0,1,0,0,1,3.11381,25.5773,1
0,3,1,1,2,2,1,0,0,0,0,0,1,24.3321,52.6874,2
2,1,1,1,2,1,2,0,1,1,0,0,1,1.92344,17.6288,2
2,1,0,1,2,2,2,0,0,0,0,0,0,50.0009,5.31472,0
2,1,1,1,2,1,2,0,1,1,0,0,1,6.49615,15.5837,2
1,1,0,1,2,2,3,0,0,0,0,0,0,50.0012,6.82286,0
2,1,0,1,2,2,2,0,0,0,0,0,0,12.0696,19.3183,1
2,2,0,1,1,2,3,0,0,0,0,1,0,20.0084,0.194714,2
2,4,1,0,4,4,3,0,0,0,1,0,1,29.8065,14.4869,1
1,2,0,1,2,2,3,0,0,0,0,1,0,50.0019,21.6608,1
1,2,0,1,2,2,2,0,0,1,0,0,0,50.0001,26.9793,1
2,1,0,1,2,1,3,0,0,0,0,0,0,33,21.5593,1
2,1,0,1,2,2,2,0,0,0,0,0,0,20.0001,10.0914,0
2,2,0,1,2,2,3,0,0,0,0,0,0,38.7981,8.35348,1
2,1,1,1,1,4,3,0,0,0,0,0,0,26.6261,0.535565,1
2,3,1,1,2,2,3,0,0,0,0,1,0,22,21.6886,2
2,1,1,1,3,2,2,0,0,0,0,0,1,20,37.5126,0
2,1,0,1,2,2,3,0,0,0,0,0,0,28.3001,4.31477,0
2,1,0,1,2,2,3,0,0,0,0,0,0,20.0004,18.2981,1
1,2,0,1,2,2,3,0,0,0,0,0,0,32.0051,37.9971,1
1,2,1,1,2,2,3,0,0,0,0,1,1,50.0038,42.8245,2
2,1,0,1,2,2,2,0,0,0,0,0,0,2.97665e-05,14.7016,1
2,2,0,1,2,2,2,1,0,1,0,0,0,33.0007,8.13272,1
1,1,0,1,2,2,2,0,0,0,0,0,0,20.0001,15.1957,2
2,1,0,1,2,2,2,0,0,0,0,0,0,24.0002,48.7534,1
2,2,0,1,2,2,2,0,0,1,0,1,0,50.0004,22.8294,1
1,4,1,0,4,3,2,0,0,1,0,0,0,30.001,23.43,1
2,1,1,1,2,2,3,1,0,1,0,0,0,0.000167892,10.4382,1
2,1,0,1,3,1,2,0,0,1,0,1,1,8.21256e-05,42.0164,2
2,1,0,1,1,4,3,1,0,0,0,0,0,30.5427,3.10912,1
2,1,0,1,2,2,3,0,0,0,0,1,0,25.6802,5.67983,2
1,2,0,1,2,2,2,0,0,1,0,0,1,25.6402,7.36642,0
1,1,0,1,2,2,3,0,0,0,0,0,0,8.87106e-05,28.888,1
1,1,0,1,2,2,3,0,0,0,0,0,0,5.77663e-05,32.6801,1
2,2,0,1,2,2,3,0,0,0,0,0,0,50.0038,10.1521,1
2,2,0,1,4,2,3,0,0,0,0,0,0,17.8456,17.011,1
1,1,0,0,2,2,2,0,0,1,0,0,0,20.0001,26.7266,0
2,4,1,0,4,3,2,0,0,1,0,0,0,12.96,14.6362,1
2,2,1,0,0,1,3,0,0,0,0,0,0,0.000143318,5.48166,1
1,4,1,0,1,3,1,1,0,0,0,1,0,30.0002,6.85247,1
2,1,0,1,2,2,2,1,0,0,0,0,0,6.04517,15.9154,2
2,2,0,1,2,2,3,0,0,0,0,0,0,36.0067,18.4882,1
2,1,0,1,2,2,1,0,0,0,0,0,0,47,37.9686,2
1,1,0,1,3,1,0,1,0,1,0,1,0,10.0371,7.9278,1
2,4,1,0,3,3,3,0,0,0,0,0,0,20.5796,21.1469,1
1,2,1,1,2,2,3,0,0,0,0,0,0,45.6213,38.3141,1
1,1,0,1,2,2,3,0,0,0,0,0,0,25,54.4175,2
2,4,1,0,0,3,3,0,0,0,0,1,0,30,4.68179,1
2,2,0,1,2,2,3,0,0,0,0,0,0,30.0005,16.8196,1
2,2,0,1,2,1,3,0,0,0,0,0,0,5.53036e-05,10.2227,2
2,1,0,1,2,2,2,0,0,0,0,0,0,56.8866,17.8608,1
2,1,0,0,2,3,3,0,0,0,0,0,0,30.0003,14.9402,2
2,1,0,1,2,2,2,0,0,0,0,0,0,50,23.8355,2
2,2,0,1,2,2,3,0,0,0,0,0,0,39.6743,11.9611,1
1,2,1,0,3,1,2,0,1,1,0,1,1,0.000164305,31.2215,2
1,1,0,1,2,1,3,0,0,0,0,0,0,3.17474e-05,26.0085,1
2,1,1,1,2,0,3,0,0,0,0,0,0,2.58889,11.7799,1
2,1,1,1,3,1,2,0,0,1,0,0,1,1.66419,26.4071,1
2,4,1,0,1,3,0,1,0,0,0,0,0,14.5552,3.24612,1
2,2,1,0,3,1,2,0,0,1,1,0,0,8.44215e-05,28.5676,0
2,1,0,1,2,2,3,0,0,0,0,0,0,50.0001,4.68507,1
2,1,1,1,2,1,2,0,1,0,0,0,1,0.000103862,23.1803,2
2,2,0,1,2,2,2,0,0,0,0,0,0,20.0003,35.5596,2
2,3,0,1,2,1,3,0,0,0,0,0,0,57.0003,25.3682,1
2,1,1,1,3,1,3,0,0,0,0,0,0,28.5863,18.5316,1
2,1,0,1,2,2,2,0,0,0,0,0,0,20.0001,14.0322,2
2,1,1,1,2,1,1,1,0,1,0,0,1,0.000167892,11.7723,1
2,1,0,1,2,1,2,0,0,0,0,0,0,9.75442e-05,20.7732,1
2,3,0,1,2,2,3,0,0,0,0,0,0,51.9914,7.67263,1
1,2,1,1,3,2,2,0,0,0,0,0,0,50,24.7667,1
1,1,1,1,4,4,3,0,0,0,0,0,1,17.7595,27.8456,1
1,2,0,1,3,2,3,0,0,0,0,1,0,9.74907e-05,9.97449,1
1,2,0,1,2,2,3,0,0,0,0,0,0,50.0002,12.8549,1
2,2,0,1,0,2,3,1,0,0,0,0,0,36.4996,7.23763,2
2,2,0,1,2,2,3,0,0,0,0,0,0,50.0015,30.6338,1
1,2,0,1,2,2,2,1,0,1,0,0,0,50,24.5915,0
2,1,1,1,3,1,1,1,0,0,0,1,1,0.000114783,9.21213,1
1,1,0,1,2,1,3,0,0,0,0,0,0,0.000166767,33.6201,2
2,1,0,1,2,2,2,0,0,0,0,0,0,46.128,18.5079,0
2,2,0,1,2,2,3,0,0,0,0,0,0,23.5203,18.0056,2
2,2,1,1,4,1,2,0,0,0,0,0,1,30.0123,13.7207,2
2,1,0,1,2,2,2,0,0,0,0,0,0,50.0001,30.6465,1
2,1,1,1,3,2,2,0,1,1,0,0,1,0.000171639,11.2552,1
2,1,0,1,2,2,2,0,0,0,0,0,0,6.06038e-05,22.0153,2
2,1,0,1,2,3,2,0,0,1,0,0,0,20,5.87246,2
2,1,0,1,2,2,3,0,0,0,0,0,0,16.7394,20.5702,1
1,1,0,1,2,3,1,0,0,1,0,0,0,48.6549,6.84481,1
2,1,0,1,2,2,3,0,0,0,0,0,0,49.9999,2.00357,0
2,1,1,1,2,2,2,0,0,0,0,0,0,13.3201,24.9549,1
2,1,1,1,3,2,2,1,0,0,0,1,1,7.07451,11.8315,1
2,2,0,1,2,2,3,0,0,0,0,0,0,24.8742,21.9424,2
2,2,1,1,3,2,3,0,0,1,0,1,1,7.20374,9.74601,1
2,2,0,1,2,2,3,0,0,0,0,0,0,53.0032,12.1142,1
2,2,0,1,3,2,2,0,0,1,0,1,0,49.0825,18.2652,1
1,2,0,1,2,2,3,0,0,1,0,0,0,47.1442,8.44056,2
2,2,0,1,4,3,2,0,0,0,0,0,0,29,23.0161,1
2,4,1,0,4,3,2,0,0,1,0,0,0,19.9999,17.6319,1
0,1,0,1,2,2,3,0,0,0,0,0,0,50.0002,7.18102,0
2,1,1,1,2,1,1,1,1,0,0,0,1,20,14.2429,0
2,1,0,1,2,1,3,0,0,0,0,0,0,0.000167142,33.7153,0
1,1,0,1,2,2,2,0,0,0,0,0,0,50.0007,41.8856,1
2,2,0,1,2,2,2,0,0,1,0,0,1,50.0065,9.39112,0
1,2,1,0,2,3,1,1,0,0,0,0,0,30,4.58543,1
2,1,0,1,2,2,2,0,0,0,0,0,0,20,17.1061,2
1,4,1,0,4,3,2,0,0,1,0,0,0,20.0001,19.083,1
2,3,0,1,2,1,2,0,0,0,0,0,0,0.000152473,32.9695,2
2,1,0,1,2,2,3,0,0,0,0,0,0,50,52.0283,2
1,1,0,0,2,1,2,0,0,1,0,0,0,6.90091e-05,21.5819,1
2,1,0,1,2,2,2,0,0,0,0,1,0,10.0366,17.3739,2
2,2,0,1,2,2,3,0,0,0,0,0,0,50,32.4755,1
2,1,0,1,2,2,2,0,0,0,0,0,0,47.0001,25.5541,1
2,1,1,1,4,2,0,1,0,1,0,0,1,28.5867,16.1758,2
2,1,0,1,2,2,2,0,0,0,0,0,0,50.0001,43.4568,1
2,1,1,1,2,2,2,0,1,0,0,0,0,20.0002,14.0434,0
2,2,1,1,4,2,2,0,0,0,0,1,0,50.0127,11.2787,2
1,1,0,1,2,2,2,0,0,0,0,0,0,20.0002,22.5625,0
1,3,1,1,1,1,3,0,0,0,0,0,0,25.46,5.1975,0
2,2,1,1,3,2,0,0,0,0,0,0,1,29.121,8.25933,1
2,4,1,0,4,3,2,0,0,1,0,0,0,30.0001,18.9528,1
2,1,0,1,2,2,2,1,0,1,0,0,0,43.0007,10.5547,1
2,1,0,1,2,2,3,1,0,0,0,1,0,17.6418,4.134,1
0,1,0,1,2,1,0,1,0,1,0,0,0,6.55166,11.9966,1
2,2,0,1,4,2,3,0,0,0,0,1,0,48.1824,10.0033,2
2,1,1,1,1,1,3,0,0,0,0,0,0,11.088,0.000377396,1
2,2,1,0,4,3,2,0,0,1,1,0,0,30.0007,23.4942,1
1,1,0,1,2,2,3,0,0,0,0,0,0,50.0002,13.2315,1
2,1,1,1,3,2,0,0,1,1,0,0,1,18.974,8.96773,1
1,1,0,1,2,2,2,0,0,1,0,0,0,50.0017,6.72223,0
2,2,0,1,2,2,3,0,0,0,0,0,0,33.2101,23.7727,1
1,1,0,1,2,2,2,0,0,0,0,0,0,20.0005,23.3416,0
2,1,0,1,2,2,2,0,0,0,0,0,0,40.001,19.1455,1
2,1,0,1,2,2,2,0,0,0,0,1,0,10.0366,16.5831,2
2,1,1,1,4,4,3,0,0,0,0,0,1,3.4761,24.5505,1
2,1,0,1,2,2,2,0,0,0,0,0,0,50.001,49.9892,2
2,1,0,1,2,2,2,0,0,0,0,0,0,11.8357,19.2063,1
1,1,0,1,3,1,2,0,0,1,0,1,1,9.18693e-05,42.0164,2
2,2,1,0,2,3,1,1,0,0,0,0,0,30,5.23325,1
2,1,0,1,2,2,2,0,0,0,0,0,0,22.6741,20.564,0
2,1,0,1,2,2,2,0,0,0,0,0,0,40.3389,34.2495,1
2,4,1,0,3,3,3,0,0,0,0,0,0,30.0001,12.4393,1
2,4,1,0,3,3,3,0,0,0,0,0,0,26.0153,30.8067,1
2,1,0,1,2,2,2,1,0,1,0,0,0,30.0009,5.01898,2
1,1,0,1,2,2,2,0,0,0,0,0,0,24,22.8257,1
2,1,1,1,3,2,2,1,1,0,0,0,1,44.9823,57.8769,1
2,1,0,0,2,1,3,0,0,0,0,0,0,0.000108519,29.1657,2
2,1,1,1,4,1,1,0,1,1,0,1,1,0.000156649,15.396,0
1,2,0,1,2,2,3,0,0,0,0,0,0,50.0036,3.78937,1
2,3,1,1,2,1,3,0,0,0,0,0,1,6.80007,27.6066,1
1,2,0,1,2,2,3,0,0,0,0,0,0,23.0014,10.5556,2
1,1,0,1,2,2,3,0,0,0,0,0,0,20.0001,10.1241,0
2,1,0,1,2,2,2,0,0,0,0,0,0,40.0003,19.367,1
2,2,1,0,3,4,2,0,0,1,1,0,1,31.9171,11.8901,1
2,1,0,1,2,1,3,0,0,1,0,0,0,3.09443e-05,10.7153,1
2,2,0,1,2,2,2,0,0,0,0,0,0,50,22.1554,1
2,1,0,1,2,2,2,0,0,0,0,0,0,1.49903e-05,17.7185,1
2,2,1,1,3,4,3,0,0,1,0,1,1,30,21.373,1
2,2,0,1,2,2,3,0,0,0,0,0,0,25.0001,8.24113,1
2,2,0,1,2,2,3,0,0,0,0,0,0,54.7768,19.4825,1
2,4,1,0,3,3,3,0,0,0,0,0,0,26,28.9182,1
1,1,0,1,2,2,3,0,0,0,0,0,0,23.0228,38.8413,1
1,3,1,1,1,4,3,0,0,0,0,0,0,20.196,1.95721,0
2,1,0,1,2,2,3,0,1,1,0,0,1,0.000140641,4.89819,2
2,2,0,1,2,2,3,0,0,0,0,0,0,54.8016,13.4989,1
2,1,0,1,2,2,2,1,0,0,0,0,0,4.63617,12.9478,2
2,1,0,1,2,1,3,1,0,0,0,0,0,9.25117e-05,26.8096,0
1,1,0,1,2,1,3,0,0,0,0,0,0,6.49403e-05,25.9878,1
2,1,1,1,4,1,2,1,0,1,0,0,1,19.0915,15.8321,2
2,2,1,0,3,3,2,0,0,1,1,0,1,20.0099,20.3203,1
2,4,1,0,2,3,3,0,0,0,0,0,0,50.0005,10.0977,1
1,2,0,1,2,1,3,0,0,0,0,0,0,0.000163876,8.79767,2
2,1,1,1,4,4,3,1,0,0,0,0,0,25.0389,8.13891,2
2,4,1,0,4,3,2,0,0,1,0,0,0,30.0073,23.4943,1
1,1,0,1,2,1,3,0,0,0,0,0,0,9.51886e-05,22.554,1
2,2,1,1,4,1,3,0,0,0,0,1,1,0.00190779,32.2579,2
2,3,1,1,2,2,3,0,0,0,0,1,0,67.7825,22.5861,2
1,3,0,1,2,2,3,0,0,0,0,0,0,52.9344,25.9057,0
2,1,0,1,2,2,3,0,0,0,0,0,0,18.7,14.1246,2
2,1,0,1,2,2,2,0,0,0,0,0,0,47.9333,26.7185,1
0,1,0,1,2,1,3,0,0,0,0,0,0,0.000162324,19.3438,1
2,1,0,1,2,2,2,1,0,1,0,0,0,30.0011,4.9228,2
2,1,0,1,2,2,2,0,0,0,0,0,0,17.5191,15.5765,1
2,4,1,0,4,4,3,0,0,0,0,0,0,28.1875,10.1239,1
2,2,0,1,0,2,2,0,0,0,0,1,0,22.0004,7.04854,0
2,2,1,1,3,2,3,0,0,1,0,1,1,20.0002,8.80559,1
2,1,0,1,2,2,3,0,0,0,0,0,0,27,25.8968,2
2,1,0,1,2,2,3,0,0,0,0,0,0,50.0013,21.663,2
1,2,0,1,2,2,3,0,0,0,0,0,0,47.0011,37.4094,1
2,1,0,0,2,1,2,0,0,1,0,0,0,0.000184274,21.5819,1
2,1,0,1,2,1,1,1,0,0,0,1,0,0.000157666,9.82671,1
2,1,0,1,2,2,3,0,0,1,0,0,0,20,13.4252,2
2,1,1,1,2,2,2,0,0,0,0,0,0,38.7157,6.12677,2
2,1,0,1,2,2,3,0,0,0,0,0,0,50,2.00357,0
2,2,0,1,2,2,3,0,0,0,0,0,0,31.1457,34.0614,1
1,4,1,0,3,3,0,0,0,1,1,1,1,30.0001,15.4661,1
2,1,0,1,3,2,1,0,0,1,0,1,0,50.0001,12.9787,1
0,2,1,1,2,2,3,0,0,0,0,1,1,41.0115,18.3602,2
2,1,0,0,2,1,3,0,0,0,0,0,0,0.000132879,29.618,2
2,1,0,0,2,2,3,0,0,0,0,0,0,40,14.4625,2
2,2,1,0,3,3,0,0,0,1,1,1,1,5.30444,13.5928,1
1,1,0,1,2,1,0,1,0,1,0,1,0,9.35988,12.1508,1
2,1,1,1,2,2,2,0,0,0,0,0,0,10.4108,25.2109,2
1,2,0,1,2,2,3,0,0,0,0,0,0,50,25.4046,1
2,1,0,1,0,1,3,0,0,1,0,0,0,3.24006,5.27979,2
2,1,1,1,4,4,3,1,0,0,0,0,0,50,6.59743,2
2,1,1,1,2,2,0,0,0,0,0,0,0,50,0.0332364,2
2,2,1,1,2,2,2,0,0,1,0,0,1,50,21.6008,1
2,2,0,1,2,1,3,0,0,0,0,0,0,5.12348e-05,7.1878,2
2,1,0,1,2,2,2,1,0,1,0,0,0,20,20.4633,2
2,4,1,0,4,3,2,0,0,1,0,0,0,20,29.0382,1
2,1,0,1,2,2,3,0,0,0,0,0,0,25.0044,35.3772,1
1,1,0,1,2,1,3,0,0,0,0,0,0,9.08521e-05,24.8599,1
1,4,1,0,4,3,2,0,0,1,0,0,0,20.0001,24.8618,1
2,1,0,1,2,1,3,0,0,0,0,0,0,28,22.6625,1
2,2,0,1,2,2,3,0,0,0,0,0,0,25.0021,7.63574,1
2,3,1,1,2,2,3,0,0,0,0,1,0,20.017,29.2797,2
2,1,0,1,2,4,3,0,0,0,0,0,0,12.65,9.80136,2
1,1,0,1,2,2,2,0,0,0,0,0,0,25.0003,5.58501,0
2,4,1,0,4,3,2,0,0,1,0,0,0,30.0001,20.3275,1
2,1,0,1,3,3,3,0,0,0,0,1,1,30,9.27712,2
2,2,0,1,2,2,3,0,0,0,0,0,0,20.0003,46.1674,1
1,1,0,1,2,2,3,0,0,0,0,0,0,50.0003,11.3949,1
2,1,1,1,2,2,2,0,0,0,0,0,0,34.5754,12.2696,2
2,1,1,1,4,1,1,0,0,0,0,0,1,6.66003,20.5534,2
0,1,1,1,3,3,1,0,1,0,0,1,1,43.1058,11.9162,1
2,1,0,1,2,2,3,0,0,1,0,1,0,30.0002,11.5201,1
1,1,1,0,4,1,2,0,0,1,0,1,1,0.000172603,15.1338,1
2,1,1,1,4,2,2,0,1,1,0,1,1,16.6644,12.3359,0
2,2,0,1,2,2,3,0,0,0,0,0,0,50.0064,19.8516,1
1,2,1,1,2,2,3,0,0,0,0,0,0,50.0127,4.0263,1
2,1,0,0,2,3,3,0,0,0,0,0,0,30,16.2266,2
2,1,1,1,2,1,0,1,0,1,0,0,1,49.9995,3.64249,1
1,1,0,1,2,2,2,0,0,0,0,0,0,50.0039,26.6095,2
1,2,1,1,4,2,0,0,0,1,0,0,1,10.36,55.3529,2
1,1,0,1,2,2,3,0,0,0,0,0,0,27.0009,64.2208,2
2,2,1,1,2,2,2,0,0,1,0,1,1,20.0017,6.53496,2
2,1,1,1,1,1,2,1,0,1,0,0,0,14.0401,6.545,1
2,1,0,1,0,2,3,1,0,0,0,0,0,39.7643,5.76334,1
2,2,0,1,2,2,3,0,0,0,0,0,0,41.8392,18.7363,1
2,1,1,1,3,2,3,0,0,0,0,0,0,60.0001,9.83026,2
2,2,1,1,4,2,0,0,0,0,0,0,0,15.486,81.8467,0
2,2,0,1,0,2,3,1,0,0,0,0,0,41.0009,10.0482,1
1,1,0,1,2,2,3,0,0,1,0,0,0,20.0002,12.5114,1
0,2,1,1,2,2,3,0,0,0,0,0,0,35.0137,14.8722,1
2,4,1,0,4,3,2,0,0,1,0,0,0,30,27.6588,1
2,4,1,0,4,3,2,0,0,1,0,0,0,20,28.3398,1
2,2,0,1,2,2,3,0,0,0,0,0,0,50.0019,29.3913,1
2,2,1,1,1,2,0,0,0,0,0,0,0,18.2315,0.00676518,2
2,4,1,0,4,4,3,0,0,0,0,0,0,14.4874,12.3625,1
2,3,1,1,1,4,3,0,0,0,0,0,0,30.5535,3.6505,0
2,1,1,1,2,1,2,0,1,0,0,0,1,0.000112909,21.6621,2
0,1,0,1,0,1,1,1,0,0,0,1,0,27.8324,7.0441,1
2,2,0,1,0,2,2,1,0,1,0,0,0,50.006,8.99952,2
1,2,0,1,2,4,3,0,0,0,0,0,0,5.36058,11.8858,1
2,1,1,1,2,2,3,0,0,0,0,0,1,40.5066,13.5242,2
2,4,1,0,4,3,2,0,0,1,0,0,0,20.0034,20.8069,1
2,1,0,1,2,2,3,0,0,1,0,0,0,5.57854e-05,10.8578,1
2,2,1,1,4,4,3,0,0,0,0,0,1,50.0144,12.7309,2
2,1,0,1,2,2,2,0,0,0,0,0,0,49.9533,15.2947,2
2,4,1,0,3,3,3,0,0,0,0,0,0,30.0007,32.9092,1
2,2,1,1,3,2,2,0,0,0,0,0,0,50.0016,26.3555,1
2,2,1,0,3,3,1,1,0,0,0,0,0,21,2.3923,1
2,3,1,1,4,2,3,0,0,0,0,1,1,16.2641,10.894,1
2,1,0,1,2,2,2,0,0,0,0,0,0,20.0003,17.0991,2
1,2,0,1,2,2,2,0,0,1,0,0,0,50.0003,34.6143,1
2,1,1,1,2,4,2,0,0,1,0,1,1,10.0386,19.8344,0
1,2,1,1,3,2,3,0,0,1,0,1,1,50.0129,12.7887,1
2,2,1,1,4,2,0,0,0,0,0,0,1,50,10.4477,2
2,2,0,1,2,2,2,0,0,1,0,0,0,39.4534,11.0312,0
1,1,0,1,2,1,3,0,0,0,0,0,0,14.2507,22.9642,1
1,1,1,1,2,2,3,0,0,0,0,0,0,11.5804,5.22007,0
1,3,1,1,2,2,3,0,0,0,0,0,0,20,11.4682,1
2,1,1,1,3,2,3,1,0,0,0,0,1,25.0652,58.8215,1
2,2,0,1,2,1,3,0,0,0,0,0,0,0.0041366,14.0462,0
1,4,1,0,4,3,2,0,0,1,0,0,0,21.5315,21.7804,1
0,1,1,1,2,1,0,0,1,1,0,0,1,2.98493,16.1518,2
2,1,1,1,2,2,3,0,0,0,0,0,1,11.8322,11.6829,1
2,1,0,1,2,2,2,0,0,0,0,0,0,50,18.7286,2
2,1,0,0,2,1,3,0,0,0,0,0,0,0.000184274,13.5526,2
1,1,0,1,2,1,3,0,0,0,0,0,0,8.86036e-05,26.0086,1
2,4,1,0,4,3,2,0,0,1,0,0,0,30.0005,22.8578,1
2,2,0,1,2,2,3,0,0,0,0,0,0,25.9338,19.837,2
2,2,0,1,2,2,2,0,0,1,0,0,0,20,10.3787,1
2,4,1,0,3,3,3,0,0,0,0,0,0,30.0455,30.6335,1
2,1,0,1,2,2,2,0,0,0,0,0,0,2.31815e-05,23.7633,2
1,4,1,0,3,3,2,0,0,1,1,1,0,16.5603,8.59759,1
2,1,1,1,3,1,2,0,0,0,0,0,0,1.50816,18.5316,1
1,1,0,0,2,1,2,0,0,1,0,0,0,0.000155204,18.8235,1
2,4,1,0,3,3,3,1,0,0,0,0,0,30.0001,22.1823,1
1,1,1,1,2,4,0,0,0,1,0,0,0,17.5895,2.12682,1
2,2,0,1,2,4,3,0,0,0,0,0,0,14.162,17.7459,1
2,3,0,1,2,2,3,0,0,0,0,0,0,59.2475,8.32878,1
1,1,0,1,1,2,3,0,0,0,0,0,0,50,0.00150339,2
2,1,1,1,3,4,0,1,1,1,0,1,1,60,1.76164,2
1,2,0,1,2,2,3,0,0,0,0,0,0,70.0003,19.7212,2
1,1,0,1,2,2,3,0,0,0,0,0,0,40.7408,27.2647,2
2,1,1,1,1,4,0,0,0,0,0,0,0,23.5453,0.0109443,1
1,1,1,1,4,4,3,0,0,0,0,0,1,17.8395,27.8456,1
1,4,1,0,4,3,2,0,0,1,0,0,0,30,27.7977,1
2,1,1,1,3,1,2,0,0,1,0,0,1,7.05549,26.1531,1
0,1,1,1,0,1,0,0,1,1,0,0,1,21.2833,7.12232,2
2,1,1,0,4,2,3,0,0,0,0,0,1,19.9867,42.323,1
2,2,0,1,2,2,3,0,0,0,0,0,0,60,20.6424,1
2,1,0,1,2,2,2,1,0,1,0,0,0,40.336,16.9346,2
2,1,0,1,2,4,3,0,0,0,0,0,0,19.7121,0.0636969,1
2,1,1,0,4,1,1,0,0,0,0,1,1,0.000143318,5.45475,1
2,1,0,1,2,2,2,0,0,0,0,0,0,50.0015,5.13952,0
2,3,1,0,4,4,3,1,0,0,1,1,1,15.3327,11.4371,2
2,1,0,1,2,2,2,0,0,0,0,0,0,50.0018,5.76382,0
2,1,0,1,1,4,3,1,0,0,0,0,0,15.3085,6.6618,1
2,4,1,0,4,3,2,0,0,1,0,0,0,20.0615,16.9883,1
2,1,0,1,2,2,2,0,0,0,0,0,0,50.0009,12.8856,1
1,1,1,1,3,1,3,0,0,0,0,1,0,50,6.82262,1
2,2,0,1,2,2,2,0,0,0,0,0,0,20,25.9337,1
1,1,0,1,2,2,2,0,0,1,0,0,0,37.2613,25.3665,0
2,4,1,0,4,4,3,0,0,0,0,0,0,26.697,18.1429,1
2,1,1,1,2,2,2,0,0,0,0,0,0,13.8986,21.9276,2
2,1,0,1,2,1,3,0,0,1,0,0,0,5.74451e-05,11.5178,1
0,2,1,1,4,3,2,0,0,0,0,1,1,50.0144,16.5765,2
1,1,0,1,2,2,2,1,0,0,0,0,0,19.9668,11.2023,0
2,1,0,1,1,1,3,0,0,0,0,0,0,8.53582,4.49853,2
2,2,0,1,2,2,3,0,0,0,0,0,0,10.0698,18.1273,1
2,4,1,0,3,3,3,0,0,0,0,0,0,50.0001,30.8067,1
2,4,1,0,4,3,2,0,0,1,0,0,0,20,22.0772,1
1,1,0,1,2,2,3,0,0,0,0,0,0,20.0001,43.8565,2
2,2,1,0,3,2,2,0,0,1,1,0,1,0.028398,16.4101,0
2,1,0,1,2,2,2,0,0,0,0,0,0,50.0128,15.2535,2
1,1,0,1,2,2,3,0,0,0,0,0,0,43.1529,16.9228,2
2,1,1,1,3,2,3,1,1,0,0,0,1,17.56,35.6096,1
2,2,0,1,0,2,1,1,0,0,0,0,0,20.0011,11.4408,1
2,2,1,1,3,2,3,0,0,1,0,1,1,10.5043,10.7616,1
2,1,0,1,2,2,2,0,0,0,0,0,0,50,46.8346,0
2,1,1,1,2,1,0,0,1,1,0,0,1,8.87641,13.6178,2
2,1,1,1,1,4,3,0,0,0,0,0,0,15.7722,0.00233305,1
1,2,0,1,2,2,2,0,0,1,0,0,0,50.0011,20.1529,0
1,1,1,1,3,1,0,0,0,0,0,1,1,0.000135074,7.71807,1
2,1,1,1,3,1,0,1,0,1,0,0,0,24.4551,16.0779,2
1,2,0,1,2,2,3,0,0,0,0,0,0,50,35.1602,1
1,2,0,1,2,2,3,0,0,0,0,0,0,26.8647,40.2288,1
2,1,0,1,2,2,2,1,0,0,0,0,0,3.11981,13.3949,2
2,1,0,1,2,2,3,0,0,0,0,0,0,20.0096,50.5616,2
2,1,1,1,2,2,2,0,0,0,0,0,0,20.0158,20.2595,2
1,2,0,1,2,2,3,0,0,0,0,0,0,70.0001,13.5333,2
1,2,0,1,0,2,2,0,0,1,0,0,0,20.013,7.22286,2
2,1,0,1,2,2,2,1,0,1,0,0,0,50.0013,5.52733,2
2,1,1,1,4,1,1,1,1,0,0,0,0,9.23974,20.1552,2
1,1,0,1,2,2,3,0,0,0,0,0,0,1.94339e-05,30.9489,1
2,1,0,1,2,1,3,0,0,0,0,0,0,10.8922,9.16963,1
2,2,1,0,2,3,1,1,0,0,0,0,0,30,4.58253,1
2,1,1,1,0,2,0,0,0,0,0,1,0,5.67181,6.82262,1
2,1,1,1,2,1,2,0,1,0,0,0,0,16.678,20.2958,0
1,1,0,1,2,2,2,0,0,0,0,0,0,48.0554,21.2454,1
2,4,1,0,4,3,2,0,0,1,0,0,0,20,20.3174,1
1,1,0,1,2,2,2,0,0,1,0,0,0,20.0004,15.0207,1
2,1,0,1,2,4,3,0,0,0,0,0,0,10.324,6.77929,2
2,1,0,1,2,2,2,0,0,0,0,0,0,50.0006,28.4641,2
2,1,1,0,4,2,3,0,0,0,0,0,1,20,42.323,1
1,1,0,1,2,2,3,0,0,0,0,0,0,50,31.4378,2
2,4,1,0,3,3,0,0,0,1,1,1,0,29.6967,11.0836,1
2,3,1,1,2,2,1,0,0,0,0,0,1,10.22,12.1166,2
1,1,0,1,3,3,3,0,0,0,0,0,1,30.4199,10.1786,0
1,2,0,1,2,2,3,0,0,0,0,0,0,35.0005,9.78779,1
2,2,0,1,2,2,2,0,0,0,0,0,0,50.001,47.9103,2
2,2,0,1,2,2,3,0,0,0,0,0,0,45.003,3.89148,1
2,1,0,1,4,2,2,1,0,1,0,0,0,38.8634,8.35889,2
2,4,1,0,4,3,2,0,0,1,0,0,0,16.6726,16.2905,1
2,2,1,1,1,2,0,0,0,0,0,1,1,50.0001,3.77187,2
2,1,0,1,2,1,2,0,0,1,0,0,0,0.0001718,14.1856,2
2,1,0,1,2,1,2,0,0,0,0,0,0,4.16014,26.1757,1
2,1,0,1,2,2,2,1,0,1,0,0,0,50.0001,11.7672,2
2,1,1,1,2,1,3,0,1,0,0,0,1,6.80019,48.7468,0
2,1,0,1,2,2,3,0,0,0,0,0,0,36.0001,11.1057,0
2,2,1,1,1,4,3,0,0,0,0,1,1,1.48945,0.59611,2
2,1,0,1,2,2,2,0,0,0,0,0,0,50.0014,5.75162,0
2,2,0,1,2,2,2,0,0,0,0,0,0,16.1718,17.9068,1
2,4,1,0,3,3,3,0,0,0,0,0,0,30.0138,21.4208,1
2,2,0,1,0,2,3,1,0,0,0,0,0,50.0005,8.16578,1
2,1,1,1,3,2,3,0,0,0,0,0,0,50,7.82507,2
2,1,0,1,2,1,3,0,0,0,0,0,0,8.9246e-05,26.0086,1
2,2,0,1,2,2,3,0,0,0,0,0,0,46.5669,9.56822,1
1,1,1,1,2,2,3,0,0,0,0,0,1,27.9443,11.4993,2
1,2,0,1,2,2,3,0,0,0,0,0,0,50.0006,30.9096,1
2,2,1,0,3,1,3,0,0,0,1,0,1,2.39025e-05,14.8553,0
2,4,1,0,3,3,0,0,0,1,1,1,0,30,11.0836,1
1,2,1,1,4,2,0,0,0,0,0,0,1,50,10.8295,1
2,3,0,1,2,4,3,1,0,0,0,0,0,68.8316,6.46589,2
2,2,1,1,4,2,3,0,0,0,0,0,1,50.0001,34.2966,1
2,1,0,1,3,1,2,0,0,1,0,1,1,8.36782e-05,42.1035,2
2,1,0,1,2,2,3,0,0,0,0,0,0,0.000178331,33.1998,1
2,4,1,0,3,3,0,0,0,1,1,1,1,22.5298,9.76816,1
2,1,1,1,1,4,3,0,0,0,0,0,0,29.4056,0.00018551,1
2,2,0,1,2,2,3,0,0,0,0,0,0,50,16.4535,1
2,1,0,1,2,2,2,0,0,0,0,0,0,23.517,15.7986,0
1,1,0,1,2,1,3,0,0,0,0,0,0,8.13761e-05,25.9013,1
2,1,0,1,2,2,2,0,0,0,0,0,0,50.0001,43.9048,2
2,1,0,1,2,2,2,0,0,1,0,0,0,35.4911,7.23028,1
2,2,0,1,2,2,3,0,0,0,0,0,0,50.0002,38.5872,1
2,2,0,1,0,2,3,0,0,0,0,0,0,50.0167,11.255,2
1,1,0,1,2,2,3,0,0,0,0,0,0,50.0003,5.19179,0
1,2,0,1,2,2,3,0,0,0,0,0,0,20.0031,23.1127,2
2,2,1,1,3,2,0,0,0,0,0,0,1,0.00289051,16.1321,1
1,2,0,1,2,2,3,0,0,0,0,0,0,50.0002,20.8185,1
2,2,0,1,2,1,2,0,0,0,0,0,0,1.78278e-05,35.3219,2
2,1,0,1,2,2,3,0,0,0,0,0,0,20.6599,16.6584,2
2,2,1,1,4,4,3,0,0,0,0,0,0,31.0012,10.4471,2
1,2,0,1,2,4,2,1,0,0,0,0,0,19.7417,32.5281,0
1,1,0,1,2,1,2,0,0,1,0,0,0,0.00012351,16.7985,2
1,1,0,1,2,2,3,0,0,0,0,0,0,75.9037,8.79672,2
2,4,1,0,4,3,2,0,0,1,0,0,0,30,20.5283,1
2,1,0,1,2,1,3,0,0,1,0,0,0,50,11.9228,1
2,2,0,1,2,2,3,0,0,0,0,0,0,32.0003,25.8496,2
2,1,0,1,2,2,3,0,0,1,0,0,0,20.014,25.7754,2
2,1,1,0,4,1,1,0,0,0,0,1,1,2.68794,9.72929,1
2,1,1,1,4,2,3,0,0,0,0,0,0,29.0133,24.3588,2
2,2,1,1,3,2,0,0,0,0,0,0,1,25.3415,10.1379,0
2,1,0,1,2,1,3,1,0,0,0,0,0,1.40267e-05,27.643,0
2,1,1,1,2,2,0,0,1,0,0,1,1,47.001,43.1025,2
2,2,0,1,2,2,2,0,0,0,0,1,0,50.0042,43.3534,2
1,1,0,1,2,2,2,0,0,0,0,1,0,50,7.2485,1
2,2,0,1,2,2,3,0,0,0,0,0,0,12.0575,20.6227,1
2,1,1,1,1,1,3,0,0,0,0,0,0,50,4.41619,1
2,2,1,1,2,4,1,0,0,0,0,0,0,48.7843,45.6433,2
2,2,0,1,2,2,2,1,0,1,0,0,0,18.8455,26.3329,0
2,1,0,1,2,2,2,0,0,0,0,0,0,50.0026,6.61735,0
2,1,0,1,2,2,2,0,0,0,0,0,0,50.0004,26.761,2
2,2,0,1,2,2,3,0,0,0,0,0,0,50.0876,10.8946,1
2,1,0,1,2,2,2,0,0,0,0,0,0,50.0001,29.971,1
1,1,0,1,2,1,3,0,0,0,0,0,0,0.000132718,33.6201,2
2,1,0,1,2,2,0,0,0,0,0,0,0,80,17.354,1
1,2,0,1,2,2,3,0,0,0,0,0,0,50.0012,20.3979,0
1,2,0,1,0,2,3,0,0,0,0,1,0,50.0003,11.798,0
2,4,1,0,4,3,2,0,0,1,0,0,0,20,27.6016,1
1,1,0,1,2,2,2,1,0,0,0,0,0,20,28.0492,2
2,1,1,1,2,2,2,0,1,0,0,0,0,50.0007,14.1164,0
2,2,0,1,2,2,3,0,0,0,0,0,0,46.7565,17.3503,2
2,2,1,0,4,3,2,0,0,1,1,0,0,30.0063,23.9551,1
2,1,0,1,2,2,2,0,0,0,0,0,0,50.0005,32.4268,0
2,2,0,1,3,2,3,0,0,0,0,1,0,38.3426,11.386,1
2,2,0,1,2,2,2,0,0,1,0,0,1,49.0076,6.92593,0
2,1,0,1,2,2,3,0,0,0,0,0,0,19.9999,13.2883,1
2,1,0,1,2,1,3,0,0,0,0,0,0,28,23.1921,1
2,4,1,0,4,3,2,0,0,1,0,0,0,20,29.0551,1
2,4,1,0,4,3,2,0,0,1,0,0,0,10.3593,14.8813,1
2,1,1,1,2,1,3,0,1,0,0,0,1,0.000170301,51.1844,0
2,4,1,0,4,3,2,0,0,1,0,0,0,22.141,19.4396,1
2,3,1,1,1,4,3,0,0,0,0,0,0,11.3488,0.837649,0
2,2,0,1,2,4,3,0,0,0,0,0,0,10.3035,18.1097,1
1,3,1,1,2,2,3,0,0,0,0,0,0,61.8299,29.8063,2
2,1,0,1,0,2,2,1,0,1,0,0,0,42.8277,3.25695,2
0,2,1,0,3,2,3,0,0,0,1,1,1,70.0073,34.8165,0
1,2,0,1,2,2,2,0,0,1,0,0,0,50.0084,4.28567,0
2,2,0,1,2,2,2,0,0,1,0,0,0,20,25.6946,0
2,1,0,1,2,2,2,0,0,0,0,0,0,50.0005,5.44036,0
2,2,0,1,3,2,2,0,0,1,0,1,0,50.0064,8.02567,2
1,3,0,1,2,1,2,0,0,0,0,1,0,7.99841e-05,40.9778,2
2,4,1,0,4,3,2,0,0,1,0,0,0,27.0936,20.2642,1
2,1,0,0,3,2,2,1,0,1,0,1,1,50.0093,18.074,1
2,1,0,1,2,2,2,1,0,1,0,0,0,20.0001,14.6796,2
1,1,0,1,1,3,2,0,0,0,0,0,0,30,0.15526,2
2,2,0,1,2,2,3,0,0,0,0,0,0,50.0144,16.3547,1
2,1,0,1,4,2,1,0,0,0,0,1,1,11.9993,16.5765,2
2,1,0,1,2,2,2,0,0,0,0,0,0,18.8816,13.5382,1
2,1,0,1,1,1,1,0,0,0,0,1,0,0.000157666,5.23322,1
2,4,1,0,4,4,3,0,0,0,0,0,0,14.6324,14.1798,1
2,1,0,1,2,2,2,0,0,0,0,0,0,10.8842,17.4175,2
2,4,1,0,4,3,2,0,0,1,0,0,0,13.7315,12.5603,1
1,3,0,1,2,2,3,0,0,0,0,0,0,38.9502,8.53742,1
2,1,0,1,2,4,2,0,0,0,0,0,0,38.7401,4.10596,2
2,2,0,1,2,2,2,0,0,1,0,0,0,36.9991,15.9528,2
1,1,1,1,2,1,3,0,1,0,0,0,1,0.00016998,41.3693,1
2,2,0,1,2,2,2,0,0,1,0,1,0,50.0065,6.7267,2
1,2,0,1,2,2,3,0,0,0,0,0,0,25.0004,9.07519,1
2,2,0,1,1,2,2,0,0,0,0,1,0,25.4617,3.77304,2
2,4,1,0,4,3,2,0,0,1,0,0,0,20.0345,17.7333,1
2,1,0,1,2,2,2,0,0,0,0,0,0,50.0007,18.4304,2
2,1,0,1,2,2,2,0,0,0,0,0,0,20,37.1449,0
1,1,1,1,2,2,2,0,1,0,0,1,1,36.4277,7.76644,1
2,1,0,1,2,2,2,0,0,0,0,0,0,20,49.8222,0
2,2,1,0,3,2,3,0,0,1,1,1,1,16.5619,12.3027,1
2,1,0,0,2,3,3,0,0,0,0,0,0,30.0002,12.8196,2
1,1,1,1,1,1,3,0,0,0,0,0,0,13.2001,6.68773,2
2,4,1,0,4,3,2,1,0,1,0,0,0,19.8859,8.00342,1
2,1,0,1,0,2,1,1,0,0,0,0,0,27.6116,5.77119,1
2,1,0,1,2,2,2,0,0,0,0,0,0,20.0103,25.6632,0
2,2,0,1,2,2,2,0,0,0,0,0,0,50,55.6714,2
2,4,1,0,4,4,3,0,0,0,0,0,0,30.0001,18.1429,1
2,1,0,1,2,2,2,0,0,0,0,0,0,11.3438,21.4306,1
2,1,0,1,2,2,2,0,0,0,0,0,0,50.0004,19.729,2
2,2,0,1,2,2,3,0,0,0,0,0,0,50.0005,14.1035,2
1,2,0,1,2,2,3,0,0,0,0,0,0,52.784,13.1256,1
1,1,0,1,1,3,2,0,0,0,0,1,0,30,4.13173,2
2,3,1,1,3,1,3,0,0,0,0,0,1,15.9121,10.9646,0
2,2,0,1,2,2,3,0,0,0,0,0,0,42.329,15.4339,1
1,2,0,1,2,2,2,0,0,1,0,0,0,29.0005,26.0747,2
2,1,0,1,2,2,2,0,0,0,0,0,0,50.001,5.62068,0
1,1,0,1,2,2,3,0,0,0,0,0,0,20.0002,7.77684,1
0,1,0,1,2,2,3,0,0,0,0,0,0,50.0004,12.2483,1
0,1,1,1,3,1,3,0,0,0,0,0,1,26.3669,10.1786,0
2,2,0,1,2,2,2,0,0,1,0,0,0,45.8056,36.9683,1
2,1,1,1,4,1,1,0,0,0,0,0,1,15.3002,19.9908,2
2,4,1,0,4,3,2,0,0,1,0,0,0,24.8439,19.9652,1
1,3,1,1,4,4,3,0,0,0,0,0,1,15.4202,64.3305,1
1,1,0,1,2,2,2,0,0,1,0,0,0,48.695,14.3467,1
2,1,0,1,2,2,3,0,0,0,0,0,0,50.0005,31.6879,2
2,1,1,1,3,1,2,0,0,1,0,0,1,10.9801,25.7405,1
1,2,1,0,2,3,3,0,0,0,0,0,0,30.004,19.8121,1
1,1,0,1,2,2,2,0,0,1,0,0,0,50.0007,22.2303,1
2,1,0,1,2,2,2,0,0,1,0,0,0,23,43.56,2
2,1,1,1,3,4,3,0,0,1,0,0,1,4.50014,26.027,1
2,1,0,1,2,2,3,0,0,0,0,0,0,50.0003,23.5864,1
2,1,0,1,2,2,2,1,0,1,0,0,0,42.9988,10.5913,1
2,2,1,1,3,1,2,0,0,0,0,0,1,3.7977e-05,26.9065,2
2,1,0,1,2,2,2,0,0,0,0,0,0,28.1829,19.1271,1
2,1,1,1,4,4,3,0,0,0,0,0,1,9.08012,25.6135,1
1,1,0,1,2,2,3,1,0,0,0,1,0,20.959,4.134,1
2,1,0,1,2,2,2,0,0,0,0,0,0,20.0001,26.7754,1
2,2,0,1,2,2,3,0,0,0,0,0,0,7.77118,40.0124,1
1,1,0,1,2,4,3,0,0,0,0,0,0,49.9999,4.57238,1
1,2,1,1,2,2,3,0,0,0,0,0,1,38.0139,16.7969,2
1,1,0,1,2,2,3,1,0,0,0,0,0,15.76,34.8912,1
2,3,1,1,4,2,0,0,0,0,0,0,0,11.7867,5.67679,1
2,2,1,1,3,2,1,0,0,0,1,1,1,26,13.8116,2
2,1,1,1,2,2,0,0,0,0,0,0,1,19.0969,5.12309,1
1,3,1,1,3,2,3,0,0,0,0,0,0,80.0024,15.6908,1
2,1,0,1,2,2,2,0,0,0,0,0,0,25.086,16.4141,0
2,1,0,1,2,2,2,0,0,0,0,0,0,50.0003,31.8927,0
2,4,1,0,2,3,1,1,0,0,0,1,0,30.0002,11.4121,1
2,4,1,0,3,3,3,0,0,0,0,0,0,30.0122,21.7484,1
2,2,1,1,2,2,3,0,0,0,0,0,0,12.9601,33.9684,1
2,2,0,1,2,2,3,0,0,0,0,0,0,29.0011,14.7687,1
0,1,0,1,1,2,3,0,0,0,0,0,0,23.4774,16.1273,2
1,1,0,1,2,1,3,0,0,0,0,0,0,24.1196,15.9583,2
2,4,1,0,3,3,3,0,0,0,0,0,0,29.114,21.1469,1
1,3,0,1,2,2,3,0,0,0,0,0,0,80.0006,25.1445,0
2,1,1,1,1,4,0,0,0,1,0,0,0,12.7106,1.91052,1
2,4,1,0,4,3,2,0,0,1,0,0,0,9.85801,13.8365,1
1,1,0,1,2,2,3,0,0,0,0,0,0,0.000188557,27.7425,1
2,1,0,1,0,2,3,1,0,0,0,0,0,37.0017,0.975064,0
2,1,0,1,2,2,2,1,0,0,0,0,0,20,8.19316,0
2,1,1,1,3,3,0,0,0,1,0,1,1,30.0148,23.625,2
2,1,1,1,4,1,1,0,0,0,0,0,1,8.82045,16.9885,1
2,4,1,0,4,3,2,1,0,1,0,0,0,30.0001,9.76689,1
2,1,1,1,3,2,3,0,0,0,0,0,1,3.876,13.8749,1
2,1,1,1,2,1,1,0,1,1,0,0,1,9.18415,15.6909,2
1,2,0,1,2,2,3,0,0,0,0,0,0,50.2371,4.71516,1
2,4,1,0,2,3,3,0,0,0,0,0,0,30.0132,25.4079,1
2,2,1,1,3,2,1,0,0,0,0,1,1,3.54167,10.3297,2
2,2,1,1,3,2,3,0,0,0,0,0,1,20.0141,9.27055,1
2,1,0,1,2,2,2,0,0,1,0,0,0,38.4095,11.0728,1
1,2,0,1,2,2,3,0,0,0,0,0,0,50,30.1818,1
1,2,0,1,2,2,3,0,0,0,0,0,0,6.14659,33.7617,1
2,4,1,0,4,3,2,0,0,1,0,0,0,30,21.305,1
1,4,1,0,2,3,0,1,0,0,0,0,0,20,8.72193,1
2,1,1,1,3,2,2,0,0,0,0,0,0,14.5797,18.8282,1
2,1,0,1,2,2,3,0,0,0,0,0,0,43.0017,35.3881,0
2,4,1,0,4,4,3,0,0,0,0,0,0,14.4874,12.3625,1
1,3,1,1,2,2,3,0,0,0,0,0,1,47.9362,17.0992,2
2,2,0,1,3,2,1,0,0,1,0,1,1,64.9717,8.94277,1
2,1,0,1,2,2,2,0,0,0,0,0,0,20,28.4612,1
1,1,0,1,2,2,3,0,0,0,0,0,0,40.5124,12.2471,0
1,4,1,0,4,3,2,0,0,1,0,0,0,20.0002,21.919,1
1,1,0,1,2,2,3,0,0,0,0,0,0,20.0002,49.8859,0
1,1,1,0,4,2,3,0,0,0,0,0,1,18.492,42.323,1
2,2,0,1,2,2,3,0,0,0,0,0,0,14.3138,30.4858,1
2,1,0,1,2,2,2,0,0,0,0,0,0,50,26.1124,2
2,2,1,0,3,1,2,0,0,1,0,0,0,21.9948,7.05322,0
2,4,1,0,1,3,1,1,0,0,0,1,0,20,7.06947,1
2,1,1,1,3,2,2,0,0,0,0,0,0,28.4453,27.8102,1
1,3,0,1,2,1,2,0,0,0,0,1,0,4.9361e-05,42.0954,2
2,2,1,1,1,2,0,0,0,0,0,0,0,26.0467,0.0434261,2
1,4,1,0,4,3,2,0,0,1,0,0,0,30,12.8802,1
2,1,1,1,3,2,3,0,0,0,0,0,0,21.1694,11.7947,0
2,1,1,1,1,1,2,0,0,0,0,0,0,32.4702,0.00233029,1
1,1,1,1,3,3,1,0,1,0,0,1,1,40.9442,8.73799,1
2,1,1,1,3,4,3,0,0,1,0,0,1,0.000168641,25.4538,1
1,1,0,1,2,2,3,0,0,0,0,0,0,0.000191983,29.9656,1
2,3,1,1,2,2,0,0,0,1,0,0,1,33.2975,7.81325,1
1,1,0,1,2,2,2,0,0,1,0,0,0,35.699,7.23028,1
2,4,1,0,4,4,3,0,0,0,1,0,1,20.9007,10.133,1
1,1,1,1,4,2,0,1,0,1,0,0,1,8.32129,17.139,2
2,1,1,1,4,1,1,0,0,0,0,0,0,3.96014,20.7024,1
2,4,1,0,3,3,3,0,0,0,0,0,0,26.0001,24.3488,1
2,2,0,1,2,2,3,0,0,0,0,0,0,24.0019,28.8259,1
2,4,1,0,4,3,2,0,0,1,0,0,0,19.9998,21.7896,1
2,3,0,1,2,2,3,0,0,0,0,0,0,67.5526,10.2384,1
1,3,0,1,4,2,3,0,0,0,1,1,0,80.0057,49.1483,0
2,3,1,1,4,3,2,0,0,0,0,0,1,30.0019,24.1671,2
1,2,1,1,3,1,3,0,0,0,0,1,1,36.0149,16.0286,2
2,1,1,1,0,1,0,0,1,1,0,0,1,12.9602,5.94145,2
1,2,0,1,2,1,3,0,0,0,0,0,0,0.000141873,10.0444,2
1,2,0,1,2,2,2,0,0,1,0,0,0,38.2836,27.6369,0
2,1,0,1,2,2,3,0,0,0,0,0,0,50,9.55271,1
2,4,1,0,4,3,2,0,0,1,0,0,0,30.0001,12.6343,1
1,1,0,1,2,2,3,0,0,0,0,0,0,20.0001,13.6055,2
2,1,0,1,2,1,3,0,0,0,0,0,0,50.0002,8.85738,2
2,2,0,1,0,2,3,1,0,0,0,0,0,20,5.0444,0
2,1,1,1,3,2,3,0,0,0,0,0,1,9.27682,13.5311,1
2,1,0,1,3,2,2,0,0,0,0,1,0,14.0473,4.7629,1
2,2,0,1,2,2,2,0,0,1,0,0,0,20,10.4416,1
2,4,1,0,3,3,3,0,0,0,0,0,0,25.8479,15.7149,1
1,2,0,1,3,2,1,0,0,0,0,1,0,70.0028,7.09848,2
2,4,1,0,4,4,3,0,0,0,1,0,1,18.3596,10.133,1
2,2,1,1,2,2,3,0,0,0,0,0,0,70.0027,13.7333,1
2,2,0,1,2,2,3,0,0,0,0,0,0,30.0012,24.023,1
2,4,1,0,4,3,2,0,0,1,0,0,0,20.0004,22.0007,1
2,2,0,1,3,2,2,0,0,1,0,1,0,50,23.5808,1
2,4,1,0,4,3,2,0,0,1,0,0,0,30,26.7365,1
2,2,1,1,3,3,3,0,0,1,0,1,1,18.0769,20.7194,1
1,1,0,1,2,1,3,1,0,0,0,0,0,5.88015,18.0193,2
2,1,0,1,2,2,2,0,0,0,0,0,0,5.64279e-05,17.2047,2
1,4,1,0,4,3,2,0,0,1,0,0,0,30.01,22.0772,1
2,2,0,1,0,2,2,0,0,0,0,0,0,50.0126,12.7867,2
2,2,1,0,4,3,2,0,0,1,1,0,0,30,9.97014,1
2,1,0,1,2,2,2,0,0,0,0,0,0,0.000151831,15.7792,1
2,1,0,1,4,2,2,1,0,1,0,0,0,36.0086,10.4321,2
2,2,1,1,3,1,2,0,0,0,0,0,1,0.00187648,30.196,2
2,1,1,1,2,1,3,0,1,0,0,0,0,0.000166821,10.148,2
2,2,1,1,2,2,3,0,0,0,0,0,0,50.0002,22.3147,2
1,1,0,1,2,4,0,0,0,1,0,0,0,31.8637,4.54931,1
2,2,0,1,2,2,2,0,0,0,0,0,0,50.0127,14.9548,1
2,2,0,1,2,2,3,0,0,0,0,0,0,20.0014,18.9067,1
2,1,0,1,4,4,2,1,0,1,0,0,0,26.0235,11.0902,2
0,2,1,1,4,4,3,0,0,0,0,1,0,50,16.2319,2
2,2,0,1,2,1,3,0,0,0,0,0,0,0.000150278,8.63864,2
2,1,0,1,2,2,3,0,0,0,0,0,0,29.0001,12.9727,0
1,2,0,1,2,2,3,0,0,0,0,0,0,36.0001,14.5834,1
1,1,0,1,2,2,2,0,0,0,0,0,0,24,22.6126,1
1,1,0,1,2,2,2,0,0,1,0,0,0,20.0002,15.9827,1
2,4,1,0,2,3,2,0,0,1,1,0,0,20.0001,20.9963,1
0,1,1,1,2,1,1,0,1,1,0,0,1,13.9993,26.4893,2
1,2,0,1,2,2,3,0,0,0,0,0,0,24.7005,36.2299,1
1,1,1,1,3,3,0,1,0,0,0,1,1,17.2285,12.5097,1
2,2,0,1,2,2,3,0,0,0,0,0,0,64.9189,14.6837,2
1,1,0,0,2,1,3,0,0,0,0,0,0,0.000180848,11.9303,2
2,1,1,1,3,4,0,1,1,1,0,1,1,17.5629,11.3831,2
0,3,1,1,2,2,0,0,0,0,0,0,1,71.6216,7.83815,2
2,1,1,1,3,3,2,0,0,0,0,0,0,50,12.6067,2
2,2,0,1,2,2,3,0,0,0,0,0,0,50.0006,17.988,2
2,1,1,1,2,4,0,0,0,1,0,0,0,10.039,7.54955,1
2,2,1,1,2,2,3,0,0,0,0,0,0,29.7841,13.4206,1
2,3,0,1,4,4,3,0,0,0,0,0,0,15.0694,16.0653,1
2,1,1,1,1,3,0,0,0,1,0,1,0,25.1655,0.00173079,1
2,2,0,1,2,2,3,0,0,0,0,0,0,50.0177,24.4032,1
2,1,1,1,2,4,3,0,0,0,1,1,1,20,9.97015,2
1,1,1,1,2,1,3,0,1,1,0,0,1,5.04016,34.4785,0
1,2,0,1,2,2,3,0,0,0,0,0,0,20.0011,11.09,1
2,4,1,0,3,3,3,0,0,0,0,0,0,30,21.1469,1
1,2,0,1,2,2,2,0,0,1,0,0,0,37.9599,36.3477,1
2,1,1,1,1,2,3,0,0,1,0,0,0,38.1385,0.488663,1
2,1,1,1,3,3,1,0,1,0,0,1,1,35.406,11.8717,1
2,2,0,1,2,1,3,0,0,0,0,0,0,0.000179884,9.52848,2
2,4,1,0,0,3,3,0,0,0,0,1,0,30,5.25245,1
2,1,0,1,0,2,3,1,0,0,0,0,0,45.0001,54.5831,2
2,1,0,1,2,2,3,0,0,1,0,0,0,20,24.5838,2
1,3,1,1,1,1,3,0,0,0,0,0,0,20,5.1975,0
1,2,1,0,4,3,2,0,0,1,1,0,0,30,12.9291,1
2,1,0,1,2,2,3,0,0,0,0,0,0,31.8811,22.9239,1
2,1,1,1,3,2,3,0,0,0,0,0,0,0.000165215,10.6224,1
1,1,1,1,2,4,3,0,1,0,0,0,1,12.9622,44.6257,0
1,1,1,1,3,3,3,0,0,0,0,0,1,32.0791,11.2878,0
2,1,0,1,2,2,2,0,0,0,0,0,0,21,15.3325,0
1,2,1,1,2,2,2,0,0,0,0,1,1,46.6111,17.1903,2
2,1,0,1,3,1,1,0,0,0,0,1,0,0.00018224,5.97938,1
2,3,1,0,4,4,3,1,0,0,1,1,1,14.7835,12.5912,2
2,1,1,1,1,4,0,0,0,1,0,0,0,12.6297,0.0141094,1
2,4,1,0,3,3,3,0,0,0,0,0,0,30.0001,21.7656,1
1,4,1,0,4,3,2,0,0,1,0,0,0,30,20.6513,1
1,2,1,1,3,2,0,0,0,0,0,0,1,50,14.3922,1
1,1,0,1,2,2,2,0,0,1,0,0,0,20.0001,30.5014,2
2,2,0,1,2,2,2,0,0,1,0,0,0,40.0444,17.7673,1
2,2,1,1,3,1,3,0,0,0,0,1,1,16.8496,10.9047,2
2,1,0,1,2,2,2,0,0,0,0,0,0,50.0007,52.246,2
2,1,1,1,1,4,3,0,0,0,0,0,0,50,0.00233305,1
2,1,1,1,2,1,2,0,1,0,0,0,1,0.000112802,21.692,2
2,2,0,1,2,2,3,0,0,0,0,0,0,50.0001,28.8259,1
1,2,0,1,0,2,3,0,0,0,0,0,0,37,16.7325,2
2,1,1,1,2,1,0,0,0,1,0,0,0,0.00012351,13.4685,2
2,1,0,1,2,2,2,0,0,0,0,0,0,20.8271,19.7659,0
2,1,0,1,2,2,1,0,0,0,0,0,0,37.8397,26.6003,2
2,1,0,1,2,1,0,1,0,0,0,1,0,0.000182454,9.82671,1
2,2,0,1,2,2,2,1,0,1,0,0,0,38.0003,0.575164,1
1,1,0,0,2,1,2,0,0,1,0,0,0,0.00010686,16.998,1
1,3,0,1,2,2,3,0,0,0,0,0,0,59.0002,9.87224,1
1,1,0,1,2,2,2,0,0,1,0,0,0,20.0004,41.1714,0
2,1,0,1,2,2,3,0,0,0,0,0,0,20.0002,7.32609,1
2,1,0,1,2,2,3,1,0,0,0,0,0,17.6787,4.08838,1
2,1,0,1,2,2,2,1,0,1,0,0,0,19.4662,11.6147,2
1,3,0,1,2,2,3,0,0,0,0,0,0,65.0866,13.6395,1
2,1,0,1,2,2,3,0,0,0,0,0,0,24.0001,12.2714,2
2,1,0,1,3,2,3,0,0,0,0,0,1,50.0001,6.26645,2
2,1,1,1,2,1,1,1,0,0,0,0,0,25.0005,18.3029,0
2,1,1,1,0,1,0,0,1,1,0,0,1,6.00002,5.8428,2
1,2,0,1,2,1,3,0,0,0,0,0,0,0.000106602,13.248,0
2,2,1,1,4,1,2,0,0,0,0,0,1,30,13.7571,2
1,1,0,1,2,2,2,0,0,0,0,0,0,41.9082,22.3567,1
2,2,1,1,2,2,3,0,0,0,0,0,0,80.0009,8.35596,2
1,2,0,1,2,2,2,0,0,1,0,1,0,40.0004,22.8294,1
2,3,1,1,3,2,2,0,0,0,0,1,0,36.1481,8.94001,1
2,4,1,0,3,3,3,0,0,0,0,0,0,30.0001,21.7656,1
2,2,0,1,0,2,3,0,0,0,0,0,0,23.5826,16.7325,2
2,2,0,1,2,1,2,0,0,0,0,0,0,8.21791e-05,41.0038,2
1,2,1,0,4,4,3,0,0,0,0,0,1,50.0147,9.03686,2
2,1,0,1,2,2,2,0,0,0,0,0,0,50.0001,31.9355,2
2,1,0,1,2,2,3,0,0,0,0,0,0,20.0001,54.7989,1
2,2,1,0,2,2,2,1,0,1,1,0,0,30,23.7579,0
2,1,0,0,2,1,2,0,0,1,0,0,0,3.9189e-05,21.5819,1
2,2,0,1,2,2,2,0,0,0,0,0,0,24.5417,17.9919,2
1,1,1,1,0,1,1,0,1,1,0,0,1,7.56011,7.12232,2
2,1,0,1,2,1,2,0,0,1,0,0,0,19.6164,26.027,1
1,2,1,0,3,1,2,0,1,1,0,1,1,0.00363103,29.0013,2
2,1,0,1,1,1,1,0,0,0,0,1,0,0.000182186,5.23322,1
2,3,1,1,2,2,3,0,0,0,0,1,0,19.9806,22.2435,2
1,1,0,0,2,1,2,0,0,1,0,0,0,8.48024e-05,26.4515,1
2,2,1,1,2,4,3,0,0,0,0,0,0,22.352,11.544,1
2,1,1,1,2,1,1,0,1,1,0,0,1,0.0420504,13.6178,2
2,1,0,1,2,3,2,0,0,1,1,0,1,30.0137,16.3836,2
2,2,1,1,3,2,0,0,0,0,0,0,1,20,8.25933,1
1,4,1,0,4,3,2,0,0,1,0,0,0,20.0005,21.9963,1
0,1,1,1,2,4,3,0,0,0,0,0,1,50,14.6147,1
2,1,0,1,0,1,1,1,0,0,0,1,0,8.6342,7.0441,1
1,1,0,0,2,3,3,0,0,0,0,0,0,30.0004,17.0837,2
1,2,1,0,4,3,2,0,0,1,1,0,0,30.0011,9.86697,0
2,3,0,1,2,1,2,0,0,0,0,1,0,5.01641e-05,35.8208,2
2,1,1,1,1,2,3,0,0,1,0,0,0,33.9956,0.0250245,1
2,1,0,1,2,3,3,0,0,0,0,0,0,30.0002,34.7092,2
1,1,0,1,2,2,3,0,0,0,0,0,0,7.57012e-05,31.8237,1
1,1,1,1,1,2,0,1,0,1,0,0,0,3.92205,4.47631,1
2,1,0,1,2,2,3,0,0,1,0,1,0,24.0001,13.9039,2
2,1,1,1,2,2,2,0,0,0,0,0,0,50.0007,11.7029,0
2,1,0,1,1,4,3,1,0,0,0,0,0,25.9198,4.15773,1
2,4,1,0,3,3,3,0,0,0,0,0,0,30.0089,9.55432,1
2,2,0,1,2,2,3,0,0,0,0,0,0,62.6343,23.0738,2
2,2,1,1,2,4,1,0,0,0,0,0,0,12.4912,12.0787,2
2,4,1,0,4,3,2,0,0,1,0,0,0,20.0075,20.1384,1
2,2,1,1,2,2,2,1,0,0,0,0,0,18.1996,12.6945,2
2,1,1,1,2,2,2,0,0,0,0,0,0,50.0006,43.1699,2
2,4,1,0,4,3,2,0,0,1,0,0,0,30.0007,21.7622,1
2,1,1,1,2,2,1,0,1,1,0,0,1,20.7337,39.6601,2
2,2,1,1,3,2,0,0,0,0,0,0,0,0.000187914,10.2763,1
2,2,0,1,2,2,3,0,0,0,0,0,0,25.0008,29.4785,1
2,3,1,1,2,2,3,0,0,0,0,0,0,20.0137,22.5861,2
1,2,0,1,2,2,2,1,0,1,0,0,0,43.0005,0.502418,1
1,1,0,1,2,2,2,0,0,1,0,0,0,20.0002,26.8062,0
2,1,0,0,2,1,3,0,0,0,0,0,0,0.000164947,29.7802,2
1,1,0,1,2,1,3,0,0,0,0,0,0,24.6676,5.14196,1
2,2,0,1,0,2,3,1,0,0,0,0,0,27.3176,7.23763,2
2,1,1,1,3,1,0,1,0,1,0,0,0,8.42478,17.9091,2
1,2,1,0,0,1,3,0,0,0,0,0,0,14.5516,5.14712,1
1,2,0,1,2,2,2,0,0,1,0,0,0,50.0034,13.2466,2
2,2,1,1,3,2,0,0,0,0,0,0,0,15.8621,13.996,1
2,2,0,1,2,2,3,0,0,0,0,0,0,59.0006,23.0236,1
1,3,1,1,2,2,3,0,0,0,0,0,1,4.02005,27.8609,1
2,1,0,1,0,2,3,0,0,0,0,0,0,50.0006,5.45148,2
1,1,1,0,4,4,1,0,0,0,0,1,1,0.000786457,9.72929,1
2,1,0,1,2,1,3,0,0,0,0,0,0,50,23.7321,1
2,3,1,1,2,2,0,0,0,0,0,0,1,78.1294,52.6874,2
1,1,0,1,2,1,3,0,0,0,0,0,0,0.000169391,24.8599,1
2,2,1,1,2,2,2,0,0,0,0,0,1,38.3864,23.9849,2
2,1,1,1,2,1,1,0,1,1,0,0,1,19.2602,26.4893,2
2,4,1,0,2,3,2,0,0,1,1,0,0,21.4402,20.9963,1
1,2,0,1,0,2,2,1,0,1,0,0,0,31.0044,14.3555,2
1,1,1,1,2,2,3,0,0,0,0,0,0,50,0.00712414,2
2,1,0,1,2,4,0,0,0,0,0,0,0,29.7825,6.95699,1
2,1,1,1,2,2,2,0,1,1,0,0,1,17.9359,16.6268,2
2,1,0,1,2,2,2,0,0,0,0,0,0,19.9999,23.7288,0
1,2,0,1,3,3,3,0,0,0,0,0,0,50,22.7905,1
2,1,1,1,2,2,2,0,0,0,0,0,0,11.904,23.8355,2
2,1,1,1,4,2,2,0,0,0,0,0,0,50.0111,25.4992,2
2,2,1,0,3,1,2,0,0,1,0,0,0,28.2388,7.86037,0
2,2,1,0,3,3,1,1,0,0,0,0,0,22.0199,2.52443,1
2,2,1,1,3,4,2,0,0,1,1,0,1,47.3305,24.8698,1
0,2,0,1,2,2,2,0,0,0,0,0,0,50.0022,27.2839,1
2,1,0,1,2,2,2,0,0,1,0,0,0,30.9999,28.6657,0
2,1,1,1,2,1,0,1,0,1,0,0,1,8.41065e-05,8.98826,1
0,4,1,0,4,4,3,0,0,0,1,0,1,30.0004,14.6982,1
2,1,0,1,2,2,2,0,0,0,0,0,0,50.0012,18.0966,2
1,3,0,1,2,2,3,0,0,0,0,0,0,45.0086,9.95787,1
2,1,1,1,2,4,0,0,0,0,0,0,0,21.7761,2.23762,2
2,4,1,0,4,3,2,0,0,1,0,0,0,30,26.7454,1
1,2,0,1,2,2,3,0,0,0,0,0,0,50.0005,15.1021,1
1,1,1,1,2,2,2,0,0,0,0,0,0,16.795,18.5857,0
2,4,1,0,4,3,2,0,0,1,0,0,0,23.8134,28.5086,1
2,1,0,0,2,1,2,0,0,1,0,0,0,8.25539e-05,20.6645,1
1,1,0,1,2,2,2,0,0,0,0,0,0,50.0002,12.1787,1
1,1,1,0,4,1,1,0,0,0,0,1,1,0.000147387,5.45475,1
2,1,1,1,3,2,0,0,0,0,0,1,0,49,2.12623,1
2,3,1,1,4,2,3,0,0,0,0,0,1,43.142,16.7056,1
2,1,0,0,2,1,2,0,0,1,0,0,0,0.00016559,22.7324,1
2,2,1,1,3,2,0,0,0,0,0,0,0,20.0016,22.2334,1
2,3,0,1,2,2,3,0,0,0,0,0,0,52.8335,24.4212,2
2,2,0,1,2,2,3,0,0,0,0,0,0,36.3776,16.2153,1
2,3,1,1,2,1,3,0,0,1,0,0,1,4.86639,5.45057,1
2,2,1,0,4,2,2,0,0,1,1,0,1,12.1525,30.9665,2
1,1,0,1,2,2,3,0,0,0,0,0,0,20.0003,13.2647,2
1,4,1,0,3,3,3,0,0,0,0,0,0,30.002,27.1895,1
2,3,0,1,2,2,3,0,0,0,0,1,1,64,16.2413,1
1,1,0,1,2,2,3,0,0,0,0,0,0,50.0002,15.8271,1
2,3,1,0,4,4,3,1,0,0,1,1,1,14.7833,11.2011,2
2,1,0,1,2,2,3,1,0,0,0,0,0,45.0003,54.38,2
2,2,0,1,2,2,3,0,0,0,0,0,0,49.6834,15.3245,1
2,2,0,1,0,2,3,0,0,0,0,0,0,23.009,16.5628,2
2,1,1,1,2,1,1,1,1,0,0,0,1,9.17622e-05,16.4229,0
2,2,0,1,2,2,3,0,0,0,0,0,0,50,22.295,2
2,2,0,1,2,2,3,0,0,0,0,0,0,50.0012,18.0617,0
2,2,0,1,2,2,3,0,0,0,0,0,0,24.5511,33.3698,1
2,1,0,1,2,2,2,0,0,0,0,0,0,20.0002,7.83684,0
2,1,1,1,1,1,3,0,0,0,0,0,0,12.2923,0.068576,1
1,2,1,1,2,2,3,0,0,0,0,0,0,50.0171,19.1653,1
2,2,0,1,2,2,3,0,0,0,0,0,0,50.0068,19.7072,1
1,1,0,1,2,1,3,0,0,0,0,0,0,7.60224e-06,25.7343,1
1,2,1,1,2,2,3,0,0,0,0,0,0,50.0127,19.3636,1
1,1,0,1,2,2,2,0,0,1,0,0,0,44.7651,22.8007,0
1,1,0,1,2,2,3,0,0,0,0,0,0,50.0001,11.8866,1
2,2,1,1,2,4,1,0,0,0,0,0,0,4.32003,9.8861,1
2,2,0,1,2,2,2,0,0,1,0,0,0,63.2979,10.6164,1
2,1,0,1,2,1,2,0,0,1,0,0,0,6.04008,24.654,1
2,1,0,0,2,3,3,0,0,0,0,0,0,30,29.2971,2
1,1,0,1,4,2,3,0,0,0,0,0,0,50.0001,11.9197,2
2,2,0,1,2,2,3,0,0,0,0,0,0,37.0507,15.3245,1
1,1,1,1,2,2,2,0,1,0,0,0,1,50.0015,41.0372,0
2,1,0,1,2,2,2,1,0,1,0,0,0,25.0008,5.3139,0
2,1,0,1,2,2,3,0,0,0,0,0,0,19.9999,13.3167,1
2,2,1,1,2,4,0,0,0,1,0,0,1,14.0956,11.9405,1
2,2,1,1,2,2,3,0,0,1,0,0,0,50.0019,21.4874,2
2,2,1,1,3,2,3,0,0,0,0,0,0,50,23.6929,2
2,1,1,1,3,2,2,1,0,0,0,1,1,9.93769,32.0686,1
1,1,0,1,2,2,2,0,0,0,0,0,0,60,34.9157,0
2,2,1,0,3,1,2,0,0,1,1,0,1,0.00592,16.3132,0
2,1,0,1,2,2,2,0,0,0,0,0,0,0.000193643,19.296,1
